fips,county,state,usda_forest_region,fips_proxy
1001,Autauga County,Alabama,R8,48373
1003,Baldwin County,Alabama,R8,48373
1005,Barbour County,Alabama,R8,48373
1007,Bibb County,Alabama,R8,48373
1009,Blount County,Alabama,R8,48373
1011,Bullock County,Alabama,R8,48373
1013,Butler County,Alabama,R8,48373
1015,Calhoun County,Alabama,R8,48373
1017,Chambers County,Alabama,R8,48373
1019,Cherokee County,Alabama,R8,48373
1021,Chilton County,Alabama,R8,48373
1023,Choctaw County,Alabama,R8,48373
1025,Clarke County,Alabama,R8,48373
1027,Clay County,Alabama,R8,48373
1029,Cleburne County,Alabama,R8,48373
1031,Coffee County,Alabama,R8,48373
1033,Colbert County,Alabama,R8,48373
1035,Conecuh County,Alabama,R8,48373
1037,Coosa County,Alabama,R8,48373
1039,Covington County,Alabama,R8,48373
1041,Crenshaw County,Alabama,R8,48373
1043,Cullman County,Alabama,R8,48373
1045,Dale County,Alabama,R8,48373
1047,Dallas County,Alabama,R8,48373
1049,DeKalb County,Alabama,R8,48373
1051,Elmore County,Alabama,R8,48373
1053,Escambia County,Alabama,R8,48373
1055,Etowah County,Alabama,R8,48373
1057,Fayette County,Alabama,R8,48373
1059,Franklin County,Alabama,R8,48373
1061,Geneva County,Alabama,R8,48373
1063,Greene County,Alabama,R8,48373
1065,Hale County,Alabama,R8,48373
1067,Henry County,Alabama,R8,48373
1069,Houston County,Alabama,R8,48373
1071,Jackson County,Alabama,R8,48373
1073,Jefferson County,Alabama,R8,48373
1075,Lamar County,Alabama,R8,48373
1077,Lauderdale County,Alabama,R8,48373
1079,Lawrence County,Alabama,R8,48373
1081,Lee County,Alabama,R8,48373
1083,Limestone County,Alabama,R8,48373
1085,Lowndes County,Alabama,R8,48373
1087,Macon County,Alabama,R8,48373
1089,Madison County,Alabama,R8,48373
1091,Marengo County,Alabama,R8,48373
1093,Marion County,Alabama,R8,48373
1095,Marshall County,Alabama,R8,48373
1097,Mobile County,Alabama,R8,48373
1099,Monroe County,Alabama,R8,48373
1101,Montgomery County,Alabama,R8,48373
1103,Morgan County,Alabama,R8,48373
1105,Perry County,Alabama,R8,48373
1107,Pickens County,Alabama,R8,48373
1109,Pike County,Alabama,R8,48373
1111,Randolph County,Alabama,R8,48373
1113,Russell County,Alabama,R8,48373
1115,St. Clair County,Alabama,R8,48373
1117,Shelby County,Alabama,R8,48373
1119,Sumter County,Alabama,R8,48373
1121,Talladega County,Alabama,R8,48373
1123,Tallapoosa County,Alabama,R8,48373
1125,Tuscaloosa County,Alabama,R8,48373
1127,Walker County,Alabama,R8,48373
1129,Washington County,Alabama,R8,48373
1131,Wilcox County,Alabama,R8,48373
1133,Winston County,Alabama,R8,48373
2090,Fairbanks North Star Borough,Alaska,R10,38061
4001,Apache County,Arizona,R3,48373
4003,Cochise County,Arizona,R3,48373
4005,Coconino County,Arizona,R3,48373
4007,Gila County,Arizona,R3,48373
4009,Graham County,Arizona,R3,48373
4011,Greenlee County,Arizona,R3,48373
4013,Maricopa County,Arizona,R3,48373
4015,Mohave County,Arizona,R3,48373
4017,Navajo County,Arizona,R3,48373
4019,Pima County,Arizona,R3,48373
4023,Santa Cruz County,Arizona,R3,48373
4025,Yavapai County,Arizona,R3,48373
5003,Ashley County,Arkansas,R8,48373
5005,Baxter County,Arkansas,R8,48373
5007,Benton County,Arkansas,R8,48373
5009,Boone County,Arkansas,R8,48373
5011,Bradley County,Arkansas,R8,48373
5013,Calhoun County,Arkansas,R8,48373
5015,Carroll County,Arkansas,R8,48373
5017,Chicot County,Arkansas,R8,48373
5019,Clark County,Arkansas,R8,48373
5021,Clay County,Arkansas,R8,48373
5023,Cleburne County,Arkansas,R8,48373
5025,Cleveland County,Arkansas,R8,48373
5027,Columbia County,Arkansas,R8,48373
5029,Conway County,Arkansas,R8,48373
5031,Craighead County,Arkansas,R8,48373
5033,Crawford County,Arkansas,R8,48373
5039,Dallas County,Arkansas,R8,48373
5041,Desha County,Arkansas,R8,48373
5043,Drew County,Arkansas,R8,48373
5045,Faulkner County,Arkansas,R8,48373
5047,Franklin County,Arkansas,R8,48373
5049,Fulton County,Arkansas,R8,48373
5051,Garland County,Arkansas,R8,48373
5053,Grant County,Arkansas,R8,48373
5055,Greene County,Arkansas,R8,48373
5057,Hempstead County,Arkansas,R8,48373
5059,Hot Spring County,Arkansas,R8,48373
5061,Howard County,Arkansas,R8,48373
5063,Independence County,Arkansas,R8,48373
5065,Izard County,Arkansas,R8,48373
5067,Jackson County,Arkansas,R8,48373
5069,Jefferson County,Arkansas,R8,48373
5071,Johnson County,Arkansas,R8,48373
5073,Lafayette County,Arkansas,R8,48373
5075,Lawrence County,Arkansas,R8,48373
5079,Lincoln County,Arkansas,R8,48373
5081,Little River County,Arkansas,R8,48373
5083,Logan County,Arkansas,R8,48373
5087,Madison County,Arkansas,R8,48373
5089,Marion County,Arkansas,R8,48373
5091,Miller County,Arkansas,R8,48373
5097,Montgomery County,Arkansas,R8,48373
5099,Nevada County,Arkansas,R8,48373
5101,Newton County,Arkansas,R8,48373
5103,Ouachita County,Arkansas,R8,48373
5105,Perry County,Arkansas,R8,48373
5109,Pike County,Arkansas,R8,48373
5111,Poinsett County,Arkansas,R8,48373
5113,Polk County,Arkansas,R8,48373
5115,Pope County,Arkansas,R8,48373
5119,Pulaski County,Arkansas,R8,48373
5121,Randolph County,Arkansas,R8,48373
5125,Saline County,Arkansas,R8,48373
5127,Scott County,Arkansas,R8,48373
5129,Searcy County,Arkansas,R8,48373
5131,Sebastian County,Arkansas,R8,48373
5133,Sevier County,Arkansas,R8,48373
5135,Sharp County,Arkansas,R8,48373
5137,Stone County,Arkansas,R8,48373
5139,Union County,Arkansas,R8,48373
5141,Van Buren County,Arkansas,R8,48373
5143,Washington County,Arkansas,R8,48373
5145,White County,Arkansas,R8,48373
5149,Yell County,Arkansas,R8,48373
6015,Del Norte County,California,R5,6023
6019,Fresno County,California,R5,6023
6023,Humboldt County,California,R5,6023
6029,Kern County,California,R5,6023
6035,Lassen County,California,R5,6023
6037,Los Angeles County,California,R5,6023
6039,Madera County,California,R5,6023
6045,Mendocino County,California,R5,6023
6047,Merced County,California,R5,6023
6049,Modoc County,California,R5,6023
6059,Orange County,California,R5,6023
6061,Placer County,California,R5,6023
6063,Plumas County,California,R5,6023
6065,Riverside County,California,R5,6023
6071,San Bernardino County,California,R5,6023
6073,San Diego County,California,R5,6023
6077,San Joaquin County,California,R5,6023
6083,Santa Barbara County,California,R5,6023
6089,Shasta County,California,R5,6023
6093,Siskiyou County,California,R5,6023
6099,Stanislaus County,California,R5,6023
6105,Trinity County,California,R5,6023
6107,Tulare County,California,R5,6023
6109,Tuolumne County,California,R5,6023
6111,Ventura County,California,R5,6023
8003,Alamosa County,Colorado,R2,8051
8007,Archuleta County,Colorado,R2,8051
8009,Baca County,Colorado,R2,8051
8013,Boulder County,Colorado,R2,8051
8015,Chaffee County,Colorado,R2,8051
8019,Clear Creek County,Colorado,R2,8051
8021,Conejos County,Colorado,R2,8051
8027,Custer County,Colorado,R2,8051
8029,Delta County,Colorado,R2,8051
8033,Dolores County,Colorado,R2,8051
8035,Douglas County,Colorado,R2,8051
8037,Eagle County,Colorado,R2,8051
8041,El Paso County,Colorado,R2,8051
8043,Fremont County,Colorado,R2,8051
8045,Garfield County,Colorado,R2,8051
8047,Gilpin County,Colorado,R2,8051
8049,Grand County,Colorado,R2,8051
8051,Gunnison County,Colorado,R2,8051
8053,Hinsdale County,Colorado,R2,8051
8055,Huerfano County,Colorado,R2,8051
8057,Jackson County,Colorado,R2,8051
8059,Jefferson County,Colorado,R2,8051
8065,Lake County,Colorado,R2,8051
8067,La Plata County,Colorado,R2,8051
8069,Larimer County,Colorado,R2,8051
8071,Las Animas County,Colorado,R2,8051
8077,Mesa County,Colorado,R2,8051
8079,Mineral County,Colorado,R2,8051
8081,Moffat County,Colorado,R2,8051
8083,Montezuma County,Colorado,R2,8051
8085,Montrose County,Colorado,R2,8051
8091,Ouray County,Colorado,R2,8051
8093,Park County,Colorado,R2,8051
8097,Pitkin County,Colorado,R2,8051
8101,Pueblo County,Colorado,R2,8051
8103,Rio Blanco County,Colorado,R2,8051
8105,Rio Grande County,Colorado,R2,8051
8107,Routt County,Colorado,R2,8051
8109,Saguache County,Colorado,R2,8051
8111,San Juan County,Colorado,R2,8051
8113,San Miguel County,Colorado,R2,8051
8117,Summit County,Colorado,R2,8051
8119,Teller County,Colorado,R2,8051
9001,Fairfield County,Connecticut,R9,23003
9003,Hartford County,Connecticut,R9,23003
9005,Litchfield County,Connecticut,R9,23003
9007,Middlesex County,Connecticut,R9,23003
9009,New Haven County,Connecticut,R9,23003
9011,New London County,Connecticut,R9,23003
9013,Tolland County,Connecticut,R9,23003
9015,Windham County,Connecticut,R9,23003
10001,Kent County,Delaware,R9,23003
10005,Sussex County,Delaware,R9,23003
12001,Alachua County,Florida,R8,45025
12003,Baker County,Florida,R8,45025
12005,Bay County,Florida,R8,45025
12007,Bradford County,Florida,R8,45025
12009,Brevard County,Florida,R8,45025
12011,Broward County,Florida,R8,45025
12013,Calhoun County,Florida,R8,45025
12015,Charlotte County,Florida,R8,45025
12017,Citrus County,Florida,R8,45025
12019,Clay County,Florida,R8,45025
12021,Collier County,Florida,R8,45025
12023,Columbia County,Florida,R8,45025
12027,DeSoto County,Florida,R8,45025
12029,Dixie County,Florida,R8,45025
12031,Duval County,Florida,R8,45025
12033,Escambia County,Florida,R8,45025
12035,Flagler County,Florida,R8,45025
12037,Franklin County,Florida,R8,45025
12039,Gadsden County,Florida,R8,45025
12041,Gilchrist County,Florida,R8,45025
12043,Glades County,Florida,R8,45025
12045,Gulf County,Florida,R8,45025
12047,Hamilton County,Florida,R8,45025
12049,Hardee County,Florida,R8,45025
12051,Hendry County,Florida,R8,45025
12053,Hernando County,Florida,R8,45025
12055,Highlands County,Florida,R8,45025
12057,Hillsborough County,Florida,R8,45025
12059,Holmes County,Florida,R8,45025
12061,Indian River County,Florida,R8,45025
12063,Jackson County,Florida,R8,45025
12065,Jefferson County,Florida,R8,45025
12067,Lafayette County,Florida,R8,45025
12069,Lake County,Florida,R8,45025
12071,Lee County,Florida,R8,45025
12073,Leon County,Florida,R8,45025
12075,Levy County,Florida,R8,45025
12077,Liberty County,Florida,R8,45025
12079,Madison County,Florida,R8,45025
12081,Manatee County,Florida,R8,45025
12083,Marion County,Florida,R8,45025
12085,Martin County,Florida,R8,45025
12087,Monroe County,Florida,R8,45025
12089,Nassau County,Florida,R8,45025
12091,Okaloosa County,Florida,R8,45025
12093,Okeechobee County,Florida,R8,45025
12095,Orange County,Florida,R8,45025
12097,Osceola County,Florida,R8,45025
12099,Palm Beach County,Florida,R8,45025
12101,Pasco County,Florida,R8,45025
12103,Pinellas County,Florida,R8,45025
12105,Polk County,Florida,R8,45025
12107,Putnam County,Florida,R8,45025
12109,St. Johns County,Florida,R8,45025
12111,St. Lucie County,Florida,R8,45025
12113,Santa Rosa County,Florida,R8,45025
12115,Sarasota County,Florida,R8,45025
12117,Seminole County,Florida,R8,45025
12119,Sumter County,Florida,R8,45025
12121,Suwannee County,Florida,R8,45025
12123,Taylor County,Florida,R8,45025
12125,Union County,Florida,R8,45025
12127,Volusia County,Florida,R8,45025
12129,Wakulla County,Florida,R8,45025
12131,Walton County,Florida,R8,45025
12133,Washington County,Florida,R8,45025
13001,Appling County,Georgia,R8,45025
13003,Atkinson County,Georgia,R8,45025
13005,Bacon County,Georgia,R8,45025
13007,Baker County,Georgia,R8,45025
13009,Baldwin County,Georgia,R8,45025
13011,Banks County,Georgia,R8,45025
13013,Barrow County,Georgia,R8,45025
13015,Bartow County,Georgia,R8,45025
13017,Ben Hill County,Georgia,R8,45025
13019,Berrien County,Georgia,R8,45025
13021,Bibb County,Georgia,R8,45025
13023,Bleckley County,Georgia,R8,45025
13025,Brantley County,Georgia,R8,45025
13027,Brooks County,Georgia,R8,45025
13029,Bryan County,Georgia,R8,45025
13031,Bulloch County,Georgia,R8,45025
13033,Burke County,Georgia,R8,45025
13035,Butts County,Georgia,R8,45025
13037,Calhoun County,Georgia,R8,45025
13039,Camden County,Georgia,R8,45025
13043,Candler County,Georgia,R8,45025
13045,Carroll County,Georgia,R8,45025
13047,Catoosa County,Georgia,R8,45025
13049,Charlton County,Georgia,R8,45025
13051,Chatham County,Georgia,R8,45025
13053,Chattahoochee County,Georgia,R8,45025
13055,Chattooga County,Georgia,R8,45025
13057,Cherokee County,Georgia,R8,45025
13059,Clarke County,Georgia,R8,45025
13061,Clay County,Georgia,R8,45025
13063,Clayton County,Georgia,R8,45025
13065,Clinch County,Georgia,R8,45025
13067,Cobb County,Georgia,R8,45025
13069,Coffee County,Georgia,R8,45025
13071,Colquitt County,Georgia,R8,45025
13073,Columbia County,Georgia,R8,45025
13075,Cook County,Georgia,R8,45025
13077,Coweta County,Georgia,R8,45025
13079,Crawford County,Georgia,R8,45025
13081,Crisp County,Georgia,R8,45025
13083,Dade County,Georgia,R8,45025
13085,Dawson County,Georgia,R8,45025
13087,Decatur County,Georgia,R8,45025
13089,DeKalb County,Georgia,R8,45025
13091,Dodge County,Georgia,R8,45025
13093,Dooly County,Georgia,R8,45025
13095,Dougherty County,Georgia,R8,45025
13097,Douglas County,Georgia,R8,45025
13099,Early County,Georgia,R8,45025
13101,Echols County,Georgia,R8,45025
13103,Effingham County,Georgia,R8,45025
13105,Elbert County,Georgia,R8,45025
13107,Emanuel County,Georgia,R8,45025
13109,Evans County,Georgia,R8,45025
13111,Fannin County,Georgia,R8,45025
13113,Fayette County,Georgia,R8,45025
13115,Floyd County,Georgia,R8,45025
13117,Forsyth County,Georgia,R8,45025
13119,Franklin County,Georgia,R8,45025
13121,Fulton County,Georgia,R8,45025
13123,Gilmer County,Georgia,R8,45025
13125,Glascock County,Georgia,R8,45025
13127,Glynn County,Georgia,R8,45025
13129,Gordon County,Georgia,R8,45025
13131,Grady County,Georgia,R8,45025
13133,Greene County,Georgia,R8,45025
13135,Gwinnett County,Georgia,R8,45025
13137,Habersham County,Georgia,R8,45025
13139,Hall County,Georgia,R8,45025
13141,Hancock County,Georgia,R8,45025
13143,Haralson County,Georgia,R8,45025
13145,Harris County,Georgia,R8,45025
13147,Hart County,Georgia,R8,45025
13149,Heard County,Georgia,R8,45025
13151,Henry County,Georgia,R8,45025
13153,Houston County,Georgia,R8,45025
13155,Irwin County,Georgia,R8,45025
13157,Jackson County,Georgia,R8,45025
13159,Jasper County,Georgia,R8,45025
13161,Jeff Davis County,Georgia,R8,45025
13163,Jefferson County,Georgia,R8,45025
13165,Jenkins County,Georgia,R8,45025
13167,Johnson County,Georgia,R8,45025
13169,Jones County,Georgia,R8,45025
13171,Lamar County,Georgia,R8,45025
13173,Lanier County,Georgia,R8,45025
13175,Laurens County,Georgia,R8,45025
13177,Lee County,Georgia,R8,45025
13179,Liberty County,Georgia,R8,45025
13181,Lincoln County,Georgia,R8,45025
13183,Long County,Georgia,R8,45025
13185,Lowndes County,Georgia,R8,45025
13187,Lumpkin County,Georgia,R8,45025
13189,McDuffie County,Georgia,R8,45025
13191,McIntosh County,Georgia,R8,45025
13193,Macon County,Georgia,R8,45025
13195,Madison County,Georgia,R8,45025
13197,Marion County,Georgia,R8,45025
13199,Meriwether County,Georgia,R8,45025
13201,Miller County,Georgia,R8,45025
13205,Mitchell County,Georgia,R8,45025
13207,Monroe County,Georgia,R8,45025
13209,Montgomery County,Georgia,R8,45025
13211,Morgan County,Georgia,R8,45025
13213,Murray County,Georgia,R8,45025
13215,Muscogee County,Georgia,R8,45025
13217,Newton County,Georgia,R8,45025
13219,Oconee County,Georgia,R8,45025
13221,Oglethorpe County,Georgia,R8,45025
13223,Paulding County,Georgia,R8,45025
13225,Peach County,Georgia,R8,45025
13227,Pickens County,Georgia,R8,45025
13229,Pierce County,Georgia,R8,45025
13231,Pike County,Georgia,R8,45025
13233,Polk County,Georgia,R8,45025
13235,Pulaski County,Georgia,R8,45025
13237,Putnam County,Georgia,R8,45025
13239,Quitman County,Georgia,R8,45025
13241,Rabun County,Georgia,R8,45025
13243,Randolph County,Georgia,R8,45025
13245,Richmond County,Georgia,R8,45025
13247,Rockdale County,Georgia,R8,45025
13249,Schley County,Georgia,R8,45025
13251,Screven County,Georgia,R8,45025
13253,Seminole County,Georgia,R8,45025
13255,Spalding County,Georgia,R8,45025
13257,Stephens County,Georgia,R8,45025
13259,Stewart County,Georgia,R8,45025
13261,Sumter County,Georgia,R8,45025
13263,Talbot County,Georgia,R8,45025
13265,Taliaferro County,Georgia,R8,45025
13267,Tattnall County,Georgia,R8,45025
13269,Taylor County,Georgia,R8,45025
13271,Telfair County,Georgia,R8,45025
13273,Terrell County,Georgia,R8,45025
13275,Thomas County,Georgia,R8,45025
13277,Tift County,Georgia,R8,45025
13279,Toombs County,Georgia,R8,45025
13281,Towns County,Georgia,R8,45025
13283,Treutlen County,Georgia,R8,45025
13285,Troup County,Georgia,R8,45025
13287,Turner County,Georgia,R8,45025
13289,Twiggs County,Georgia,R8,45025
13291,Union County,Georgia,R8,45025
13293,Upson County,Georgia,R8,45025
13295,Walker County,Georgia,R8,45025
13297,Walton County,Georgia,R8,45025
13299,Ware County,Georgia,R8,45025
13301,Warren County,Georgia,R8,45025
13303,Washington County,Georgia,R8,45025
13305,Wayne County,Georgia,R8,45025
13307,Webster County,Georgia,R8,45025
13309,Wheeler County,Georgia,R8,45025
13311,White County,Georgia,R8,45025
13313,Whitfield County,Georgia,R8,45025
13315,Wilcox County,Georgia,R8,45025
13317,Wilkes County,Georgia,R8,45025
13319,Wilkinson County,Georgia,R8,45025
13321,Worth County,Georgia,R8,45025
16005,Bannock County,Idaho,R4,8051
16007,Bear Lake County,Idaho,R4,8051
16009,Benewah County,Idaho,R4,8051
16011,Bingham County,Idaho,R4,8051
16013,Blaine County,Idaho,R4,8051
16015,Boise County,Idaho,R4,8051
16017,Bonner County,Idaho,R4,8051
16019,Bonneville County,Idaho,R4,8051
16021,Boundary County,Idaho,R4,8051
16023,Butte County,Idaho,R4,8051
16025,Camas County,Idaho,R4,8051
16029,Caribou County,Idaho,R4,8051
16031,Cassia County,Idaho,R4,8051
16033,Clark County,Idaho,R4,8051
16035,Clearwater County,Idaho,R4,8051
16037,Custer County,Idaho,R4,8051
16041,Franklin County,Idaho,R4,8051
16043,Fremont County,Idaho,R4,8051
16045,Gem County,Idaho,R4,8051
16049,Idaho County,Idaho,R4,8051
16051,Jefferson County,Idaho,R4,8051
16055,Kootenai County,Idaho,R4,8051
16057,Latah County,Idaho,R4,8051
16059,Lemhi County,Idaho,R4,8051
16061,Lewis County,Idaho,R4,8051
16065,Madison County,Idaho,R4,8051
16069,Nez Perce County,Idaho,R4,8051
16071,Oneida County,Idaho,R4,8051
16077,Power County,Idaho,R4,8051
16079,Shoshone County,Idaho,R4,8051
16081,Teton County,Idaho,R4,8051
16083,Twin Falls County,Idaho,R4,8051
17001,Adams County,Illinois,R9,55041
17003,Alexander County,Illinois,R9,55041
17007,Boone County,Illinois,R9,55041
17009,Brown County,Illinois,R9,55041
17023,Clark County,Illinois,R9,55041
17025,Clay County,Illinois,R9,55041
17027,Clinton County,Illinois,R9,55041
17029,Coles County,Illinois,R9,55041
17031,Cook County,Illinois,R9,55041
17033,Crawford County,Illinois,R9,55041
17035,Cumberland County,Illinois,R9,55041
17037,DeKalb County,Illinois,R9,55041
17039,De Witt County,Illinois,R9,55041
17041,Douglas County,Illinois,R9,55041
17043,DuPage County,Illinois,R9,55041
17045,Edgar County,Illinois,R9,55041
17047,Edwards County,Illinois,R9,55041
17049,Effingham County,Illinois,R9,55041
17051,Fayette County,Illinois,R9,55041
17055,Franklin County,Illinois,R9,55041
17057,Fulton County,Illinois,R9,55041
17059,Gallatin County,Illinois,R9,55041
17063,Grundy County,Illinois,R9,55041
17065,Hamilton County,Illinois,R9,55041
17067,Hancock County,Illinois,R9,55041
17069,Hardin County,Illinois,R9,55041
17071,Henderson County,Illinois,R9,55041
17077,Jackson County,Illinois,R9,55041
17079,Jasper County,Illinois,R9,55041
17081,Jefferson County,Illinois,R9,55041
17087,Johnson County,Illinois,R9,55041
17089,Kane County,Illinois,R9,55041
17093,Kendall County,Illinois,R9,55041
17095,Knox County,Illinois,R9,55041
17097,Lake County,Illinois,R9,55041
17099,LaSalle County,Illinois,R9,55041
17101,Lawrence County,Illinois,R9,55041
17107,Logan County,Illinois,R9,55041
17109,McDonough County,Illinois,R9,55041
17111,McHenry County,Illinois,R9,55041
17113,McLean County,Illinois,R9,55041
17115,Macon County,Illinois,R9,55041
17121,Marion County,Illinois,R9,55041
17123,Marshall County,Illinois,R9,55041
17125,Mason County,Illinois,R9,55041
17127,Massac County,Illinois,R9,55041
17129,Menard County,Illinois,R9,55041
17139,Moultrie County,Illinois,R9,55041
17143,Peoria County,Illinois,R9,55041
17151,Pope County,Illinois,R9,55041
17153,Pulaski County,Illinois,R9,55041
17157,Randolph County,Illinois,R9,55041
17159,Richland County,Illinois,R9,55041
17165,Saline County,Illinois,R9,55041
17169,Schuyler County,Illinois,R9,55041
17173,Shelby County,Illinois,R9,55041
17175,Stark County,Illinois,R9,55041
17179,Tazewell County,Illinois,R9,55041
17181,Union County,Illinois,R9,55041
17185,Wabash County,Illinois,R9,55041
17187,Warren County,Illinois,R9,55041
17191,Wayne County,Illinois,R9,55041
17193,White County,Illinois,R9,55041
17197,Will County,Illinois,R9,55041
17199,Williamson County,Illinois,R9,55041
17203,Woodford County,Illinois,R9,55041
18005,Bartholomew County,Indiana,R9,55041
18007,Benton County,Indiana,R9,55041
18009,Blackford County,Indiana,R9,55041
18013,Brown County,Indiana,R9,55041
18017,Cass County,Indiana,R9,55041
18019,Clark County,Indiana,R9,55041
18021,Clay County,Indiana,R9,55041
18025,Crawford County,Indiana,R9,55041
18027,Daviess County,Indiana,R9,55041
18029,Dearborn County,Indiana,R9,55041
18031,Decatur County,Indiana,R9,55041
18035,Delaware County,Indiana,R9,55041
18037,Dubois County,Indiana,R9,55041
18039,Elkhart County,Indiana,R9,55041
18041,Fayette County,Indiana,R9,55041
18043,Floyd County,Indiana,R9,55041
18045,Fountain County,Indiana,R9,55041
18047,Franklin County,Indiana,R9,55041
18051,Gibson County,Indiana,R9,55041
18055,Greene County,Indiana,R9,55041
18061,Harrison County,Indiana,R9,55041
18065,Henry County,Indiana,R9,55041
18071,Jackson County,Indiana,R9,55041
18073,Jasper County,Indiana,R9,55041
18075,Jay County,Indiana,R9,55041
18077,Jefferson County,Indiana,R9,55041
18079,Jennings County,Indiana,R9,55041
18081,Johnson County,Indiana,R9,55041
18083,Knox County,Indiana,R9,55041
18085,Kosciusko County,Indiana,R9,55041
18089,Lake County,Indiana,R9,55041
18091,LaPorte County,Indiana,R9,55041
18093,Lawrence County,Indiana,R9,55041
18101,Martin County,Indiana,R9,55041
18103,Miami County,Indiana,R9,55041
18105,Monroe County,Indiana,R9,55041
18107,Montgomery County,Indiana,R9,55041
18111,Newton County,Indiana,R9,55041
18115,Ohio County,Indiana,R9,55041
18117,Orange County,Indiana,R9,55041
18119,Owen County,Indiana,R9,55041
18121,Parke County,Indiana,R9,55041
18123,Perry County,Indiana,R9,55041
18125,Pike County,Indiana,R9,55041
18127,Porter County,Indiana,R9,55041
18131,Pulaski County,Indiana,R9,55041
18133,Putnam County,Indiana,R9,55041
18135,Randolph County,Indiana,R9,55041
18137,Ripley County,Indiana,R9,55041
18143,Scott County,Indiana,R9,55041
18149,Starke County,Indiana,R9,55041
18155,Switzerland County,Indiana,R9,55041
18157,Tippecanoe County,Indiana,R9,55041
18161,Union County,Indiana,R9,55041
18165,Vermillion County,Indiana,R9,55041
18167,Vigo County,Indiana,R9,55041
18171,Warren County,Indiana,R9,55041
18175,Washington County,Indiana,R9,55041
18177,Wayne County,Indiana,R9,55041
18181,White County,Indiana,R9,55041
19001,Adair County,Iowa,R2,8051
19003,Adams County,Iowa,R2,8051
19005,Allamakee County,Iowa,R2,8051
19007,Appanoose County,Iowa,R2,8051
19009,Audubon County,Iowa,R2,8051
19013,Black Hawk County,Iowa,R2,8051
19015,Boone County,Iowa,R2,8051
19017,Bremer County,Iowa,R2,8051
19019,Buchanan County,Iowa,R2,8051
19021,Buena Vista County,Iowa,R2,8051
19023,Butler County,Iowa,R2,8051
19025,Calhoun County,Iowa,R2,8051
19027,Carroll County,Iowa,R2,8051
19029,Cass County,Iowa,R2,8051
19033,Cerro Gordo County,Iowa,R2,8051
19035,Cherokee County,Iowa,R2,8051
19037,Chickasaw County,Iowa,R2,8051
19039,Clarke County,Iowa,R2,8051
19041,Clay County,Iowa,R2,8051
19043,Clayton County,Iowa,R2,8051
19045,Clinton County,Iowa,R2,8051
19047,Crawford County,Iowa,R2,8051
19049,Dallas County,Iowa,R2,8051
19051,Davis County,Iowa,R2,8051
19053,Decatur County,Iowa,R2,8051
19055,Delaware County,Iowa,R2,8051
19057,Des Moines County,Iowa,R2,8051
19059,Dickinson County,Iowa,R2,8051
19061,Dubuque County,Iowa,R2,8051
19063,Emmet County,Iowa,R2,8051
19065,Fayette County,Iowa,R2,8051
19067,Floyd County,Iowa,R2,8051
19069,Franklin County,Iowa,R2,8051
19071,Fremont County,Iowa,R2,8051
19073,Greene County,Iowa,R2,8051
19075,Grundy County,Iowa,R2,8051
19077,Guthrie County,Iowa,R2,8051
19079,Hamilton County,Iowa,R2,8051
19081,Hancock County,Iowa,R2,8051
19083,Hardin County,Iowa,R2,8051
19085,Harrison County,Iowa,R2,8051
19087,Henry County,Iowa,R2,8051
19089,Howard County,Iowa,R2,8051
19091,Humboldt County,Iowa,R2,8051
19093,Ida County,Iowa,R2,8051
19097,Jackson County,Iowa,R2,8051
19099,Jasper County,Iowa,R2,8051
19101,Jefferson County,Iowa,R2,8051
19103,Johnson County,Iowa,R2,8051
19105,Jones County,Iowa,R2,8051
19107,Keokuk County,Iowa,R2,8051
19109,Kossuth County,Iowa,R2,8051
19111,Lee County,Iowa,R2,8051
19113,Linn County,Iowa,R2,8051
19115,Louisa County,Iowa,R2,8051
19117,Lucas County,Iowa,R2,8051
19119,Lyon County,Iowa,R2,8051
19121,Madison County,Iowa,R2,8051
19123,Mahaska County,Iowa,R2,8051
19125,Marion County,Iowa,R2,8051
19127,Marshall County,Iowa,R2,8051
19129,Mills County,Iowa,R2,8051
19131,Mitchell County,Iowa,R2,8051
19133,Monona County,Iowa,R2,8051
19135,Monroe County,Iowa,R2,8051
19137,Montgomery County,Iowa,R2,8051
19139,Muscatine County,Iowa,R2,8051
19141,O'Brien County,Iowa,R2,8051
19143,Osceola County,Iowa,R2,8051
19145,Page County,Iowa,R2,8051
19147,Palo Alto County,Iowa,R2,8051
19149,Plymouth County,Iowa,R2,8051
19151,Pocahontas County,Iowa,R2,8051
19153,Polk County,Iowa,R2,8051
19155,Pottawattamie County,Iowa,R2,8051
19157,Poweshiek County,Iowa,R2,8051
19159,Ringgold County,Iowa,R2,8051
19161,Sac County,Iowa,R2,8051
19163,Scott County,Iowa,R2,8051
19165,Shelby County,Iowa,R2,8051
19167,Sioux County,Iowa,R2,8051
19169,Story County,Iowa,R2,8051
19171,Tama County,Iowa,R2,8051
19173,Taylor County,Iowa,R2,8051
19175,Union County,Iowa,R2,8051
19177,Van Buren County,Iowa,R2,8051
19179,Wapello County,Iowa,R2,8051
19181,Warren County,Iowa,R2,8051
19183,Washington County,Iowa,R2,8051
19185,Wayne County,Iowa,R2,8051
19187,Webster County,Iowa,R2,8051
19189,Winnebago County,Iowa,R2,8051
19191,Winneshiek County,Iowa,R2,8051
19193,Woodbury County,Iowa,R2,8051
19195,Worth County,Iowa,R2,8051
19197,Wright County,Iowa,R2,8051
20001,Allen County,Kansas,R2,8051
20003,Anderson County,Kansas,R2,8051
20005,Atchison County,Kansas,R2,8051
20011,Bourbon County,Kansas,R2,8051
20015,Butler County,Kansas,R2,8051
20017,Chase County,Kansas,R2,8051
20019,Chautauqua County,Kansas,R2,8051
20021,Cherokee County,Kansas,R2,8051
20025,Clark County,Kansas,R2,8051
20027,Clay County,Kansas,R2,8051
20029,Cloud County,Kansas,R2,8051
20031,Coffey County,Kansas,R2,8051
20035,Cowley County,Kansas,R2,8051
20037,Crawford County,Kansas,R2,8051
20045,Douglas County,Kansas,R2,8051
20049,Elk County,Kansas,R2,8051
20051,Ellis County,Kansas,R2,8051
20055,Finney County,Kansas,R2,8051
20057,Ford County,Kansas,R2,8051
20059,Franklin County,Kansas,R2,8051
20061,Geary County,Kansas,R2,8051
20067,Grant County,Kansas,R2,8051
20069,Gray County,Kansas,R2,8051
20073,Greenwood County,Kansas,R2,8051
20075,Hamilton County,Kansas,R2,8051
20081,Haskell County,Kansas,R2,8051
20083,Hodgeman County,Kansas,R2,8051
20085,Jackson County,Kansas,R2,8051
20089,Jewell County,Kansas,R2,8051
20091,Johnson County,Kansas,R2,8051
20093,Kearny County,Kansas,R2,8051
20099,Labette County,Kansas,R2,8051
20103,Leavenworth County,Kansas,R2,8051
20107,Linn County,Kansas,R2,8051
20111,Lyon County,Kansas,R2,8051
20119,Meade County,Kansas,R2,8051
20121,Miami County,Kansas,R2,8051
20123,Mitchell County,Kansas,R2,8051
20125,Montgomery County,Kansas,R2,8051
20127,Morris County,Kansas,R2,8051
20129,Morton County,Kansas,R2,8051
20133,Neosho County,Kansas,R2,8051
20139,Osage County,Kansas,R2,8051
20141,Osborne County,Kansas,R2,8051
20143,Ottawa County,Kansas,R2,8051
20147,Phillips County,Kansas,R2,8051
20157,Republic County,Kansas,R2,8051
20161,Riley County,Kansas,R2,8051
20163,Rooks County,Kansas,R2,8051
20173,Sedgwick County,Kansas,R2,8051
20175,Seward County,Kansas,R2,8051
20177,Shawnee County,Kansas,R2,8051
20187,Stanton County,Kansas,R2,8051
20189,Stevens County,Kansas,R2,8051
20197,Wabaunsee County,Kansas,R2,8051
20201,Washington County,Kansas,R2,8051
20205,Wilson County,Kansas,R2,8051
20207,Woodson County,Kansas,R2,8051
21001,Adair County,Kentucky,R8,45025
21003,Allen County,Kentucky,R8,45025
21005,Anderson County,Kentucky,R8,45025
21007,Ballard County,Kentucky,R8,45025
21009,Barren County,Kentucky,R8,45025
21011,Bath County,Kentucky,R8,45025
21013,Bell County,Kentucky,R8,45025
21015,Boone County,Kentucky,R8,45025
21017,Bourbon County,Kentucky,R8,45025
21019,Boyd County,Kentucky,R8,45025
21021,Boyle County,Kentucky,R8,45025
21023,Bracken County,Kentucky,R8,45025
21025,Breathitt County,Kentucky,R8,45025
21027,Breckinridge County,Kentucky,R8,45025
21029,Bullitt County,Kentucky,R8,45025
21031,Butler County,Kentucky,R8,45025
21033,Caldwell County,Kentucky,R8,45025
21035,Calloway County,Kentucky,R8,45025
21037,Campbell County,Kentucky,R8,45025
21039,Carlisle County,Kentucky,R8,45025
21041,Carroll County,Kentucky,R8,45025
21043,Carter County,Kentucky,R8,45025
21045,Casey County,Kentucky,R8,45025
21047,Christian County,Kentucky,R8,45025
21049,Clark County,Kentucky,R8,45025
21051,Clay County,Kentucky,R8,45025
21053,Clinton County,Kentucky,R8,45025
21055,Crittenden County,Kentucky,R8,45025
21057,Cumberland County,Kentucky,R8,45025
21059,Daviess County,Kentucky,R8,45025
21061,Edmonson County,Kentucky,R8,45025
21063,Elliott County,Kentucky,R8,45025
21065,Estill County,Kentucky,R8,45025
21067,Fayette County,Kentucky,R8,45025
21069,Fleming County,Kentucky,R8,45025
21071,Floyd County,Kentucky,R8,45025
21073,Franklin County,Kentucky,R8,45025
21075,Fulton County,Kentucky,R8,45025
21077,Gallatin County,Kentucky,R8,45025
21079,Garrard County,Kentucky,R8,45025
21081,Grant County,Kentucky,R8,45025
21083,Graves County,Kentucky,R8,45025
21085,Grayson County,Kentucky,R8,45025
21087,Green County,Kentucky,R8,45025
21089,Greenup County,Kentucky,R8,45025
21091,Hancock County,Kentucky,R8,45025
21093,Hardin County,Kentucky,R8,45025
21095,Harlan County,Kentucky,R8,45025
21097,Harrison County,Kentucky,R8,45025
21099,Hart County,Kentucky,R8,45025
21101,Henderson County,Kentucky,R8,45025
21103,Henry County,Kentucky,R8,45025
21105,Hickman County,Kentucky,R8,45025
21107,Hopkins County,Kentucky,R8,45025
21109,Jackson County,Kentucky,R8,45025
21111,Jefferson County,Kentucky,R8,45025
21113,Jessamine County,Kentucky,R8,45025
21115,Johnson County,Kentucky,R8,45025
21117,Kenton County,Kentucky,R8,45025
21119,Knott County,Kentucky,R8,45025
21121,Knox County,Kentucky,R8,45025
21123,Larue County,Kentucky,R8,45025
21125,Laurel County,Kentucky,R8,45025
21127,Lawrence County,Kentucky,R8,45025
21129,Lee County,Kentucky,R8,45025
21131,Leslie County,Kentucky,R8,45025
21133,Letcher County,Kentucky,R8,45025
21135,Lewis County,Kentucky,R8,45025
21137,Lincoln County,Kentucky,R8,45025
21139,Livingston County,Kentucky,R8,45025
21141,Logan County,Kentucky,R8,45025
21143,Lyon County,Kentucky,R8,45025
21145,McCracken County,Kentucky,R8,45025
21147,McCreary County,Kentucky,R8,45025
21149,McLean County,Kentucky,R8,45025
21151,Madison County,Kentucky,R8,45025
21153,Magoffin County,Kentucky,R8,45025
21155,Marion County,Kentucky,R8,45025
21157,Marshall County,Kentucky,R8,45025
21159,Martin County,Kentucky,R8,45025
21161,Mason County,Kentucky,R8,45025
21163,Meade County,Kentucky,R8,45025
21165,Menifee County,Kentucky,R8,45025
21167,Mercer County,Kentucky,R8,45025
21169,Metcalfe County,Kentucky,R8,45025
21171,Monroe County,Kentucky,R8,45025
21173,Montgomery County,Kentucky,R8,45025
21175,Morgan County,Kentucky,R8,45025
21177,Muhlenberg County,Kentucky,R8,45025
21179,Nelson County,Kentucky,R8,45025
21181,Nicholas County,Kentucky,R8,45025
21183,Ohio County,Kentucky,R8,45025
21185,Oldham County,Kentucky,R8,45025
21187,Owen County,Kentucky,R8,45025
21189,Owsley County,Kentucky,R8,45025
21191,Pendleton County,Kentucky,R8,45025
21193,Perry County,Kentucky,R8,45025
21195,Pike County,Kentucky,R8,45025
21197,Powell County,Kentucky,R8,45025
21199,Pulaski County,Kentucky,R8,45025
21201,Robertson County,Kentucky,R8,45025
21203,Rockcastle County,Kentucky,R8,45025
21205,Rowan County,Kentucky,R8,45025
21207,Russell County,Kentucky,R8,45025
21209,Scott County,Kentucky,R8,45025
21211,Shelby County,Kentucky,R8,45025
21213,Simpson County,Kentucky,R8,45025
21215,Spencer County,Kentucky,R8,45025
21217,Taylor County,Kentucky,R8,45025
21219,Todd County,Kentucky,R8,45025
21221,Trigg County,Kentucky,R8,45025
21223,Trimble County,Kentucky,R8,45025
21225,Union County,Kentucky,R8,45025
21227,Warren County,Kentucky,R8,45025
21229,Washington County,Kentucky,R8,45025
21231,Wayne County,Kentucky,R8,45025
21233,Webster County,Kentucky,R8,45025
21235,Whitley County,Kentucky,R8,45025
21237,Wolfe County,Kentucky,R8,45025
21239,Woodford County,Kentucky,R8,45025
22001,Acadia Parish,Louisiana,R8,48373
22003,Allen Parish,Louisiana,R8,48373
22009,Avoyelles Parish,Louisiana,R8,48373
22011,Beauregard Parish,Louisiana,R8,48373
22013,Bienville Parish,Louisiana,R8,48373
22015,Bossier Parish,Louisiana,R8,48373
22017,Caddo Parish,Louisiana,R8,48373
22019,Calcasieu Parish,Louisiana,R8,48373
22021,Caldwell Parish,Louisiana,R8,48373
22023,Cameron Parish,Louisiana,R8,48373
22025,Catahoula Parish,Louisiana,R8,48373
22027,Claiborne Parish,Louisiana,R8,48373
22029,Concordia Parish,Louisiana,R8,48373
22031,De Soto Parish,Louisiana,R8,48373
22033,East Baton Rouge Parish,Louisiana,R8,48373
22035,East Carroll Parish,Louisiana,R8,48373
22037,East Feliciana Parish,Louisiana,R8,48373
22039,Evangeline Parish,Louisiana,R8,48373
22041,Franklin Parish,Louisiana,R8,48373
22043,Grant Parish,Louisiana,R8,48373
22049,Jackson Parish,Louisiana,R8,48373
22053,Jefferson Davis Parish,Louisiana,R8,48373
22059,LaSalle Parish,Louisiana,R8,48373
22061,Lincoln Parish,Louisiana,R8,48373
22063,Livingston Parish,Louisiana,R8,48373
22065,Madison Parish,Louisiana,R8,48373
22067,Morehouse Parish,Louisiana,R8,48373
22069,Natchitoches Parish,Louisiana,R8,48373
22073,Ouachita Parish,Louisiana,R8,48373
22077,Pointe Coupee Parish,Louisiana,R8,48373
22079,Rapides Parish,Louisiana,R8,48373
22081,Red River Parish,Louisiana,R8,48373
22083,Richland Parish,Louisiana,R8,48373
22085,Sabine Parish,Louisiana,R8,48373
22091,St. Helena Parish,Louisiana,R8,48373
22097,St. Landry Parish,Louisiana,R8,48373
22103,St. Tammany Parish,Louisiana,R8,48373
22105,Tangipahoa Parish,Louisiana,R8,48373
22107,Tensas Parish,Louisiana,R8,48373
22111,Union Parish,Louisiana,R8,48373
22113,Vermilion Parish,Louisiana,R8,48373
22115,Vernon Parish,Louisiana,R8,48373
22117,Washington Parish,Louisiana,R8,48373
22119,Webster Parish,Louisiana,R8,48373
22121,West Baton Rouge Parish,Louisiana,R8,48373
22123,West Carroll Parish,Louisiana,R8,48373
22125,West Feliciana Parish,Louisiana,R8,48373
22127,Winn Parish,Louisiana,R8,48373
23001,Androscoggin County,Maine,R9,23003
23003,Aroostook County,Maine,R9,23003
23005,Cumberland County,Maine,R9,23003
23007,Franklin County,Maine,R9,23003
23009,Hancock County,Maine,R9,23003
23011,Kennebec County,Maine,R9,23003
23013,Knox County,Maine,R9,23003
23015,Lincoln County,Maine,R9,23003
23017,Oxford County,Maine,R9,23003
23019,Penobscot County,Maine,R9,23003
23021,Piscataquis County,Maine,R9,23003
23023,Sagadahoc County,Maine,R9,23003
23025,Somerset County,Maine,R9,23003
23027,Waldo County,Maine,R9,23003
23029,Washington County,Maine,R9,23003
23031,York County,Maine,R9,23003
24001,Allegany County,Maryland,R9,23003
24003,Anne Arundel County,Maryland,R9,23003
24005,Baltimore County,Maryland,R9,23003
24009,Calvert County,Maryland,R9,23003
24011,Caroline County,Maryland,R9,23003
24013,Carroll County,Maryland,R9,23003
24015,Cecil County,Maryland,R9,23003
24017,Charles County,Maryland,R9,23003
24019,Dorchester County,Maryland,R9,23003
24021,Frederick County,Maryland,R9,23003
24023,Garrett County,Maryland,R9,23003
24025,Harford County,Maryland,R9,23003
24027,Howard County,Maryland,R9,23003
24029,Kent County,Maryland,R9,23003
24031,Montgomery County,Maryland,R9,23003
24033,Prince George's County,Maryland,R9,23003
24035,Queen Anne's County,Maryland,R9,23003
24037,St. Mary's County,Maryland,R9,23003
24039,Somerset County,Maryland,R9,23003
24041,Talbot County,Maryland,R9,23003
24043,Washington County,Maryland,R9,23003
24045,Wicomico County,Maryland,R9,23003
24047,Worcester County,Maryland,R9,23003
24510,Baltimore city,Maryland,R9,23003
25001,Barnstable County,Massachusetts,R9,23003
25003,Berkshire County,Massachusetts,R9,23003
25005,Bristol County,Massachusetts,R9,23003
25007,Dukes County,Massachusetts,R9,23003
25009,Essex County,Massachusetts,R9,23003
25011,Franklin County,Massachusetts,R9,23003
25013,Hampden County,Massachusetts,R9,23003
25015,Hampshire County,Massachusetts,R9,23003
25017,Middlesex County,Massachusetts,R9,23003
25019,Nantucket County,Massachusetts,R9,23003
25021,Norfolk County,Massachusetts,R9,23003
25023,Plymouth County,Massachusetts,R9,23003
25025,Suffolk County,Massachusetts,R9,23003
25027,Worcester County,Massachusetts,R9,23003
26001,Alcona County,Michigan,R9,55041
26003,Alger County,Michigan,R9,55041
26005,Allegan County,Michigan,R9,55041
26007,Alpena County,Michigan,R9,55041
26009,Antrim County,Michigan,R9,55041
26011,Arenac County,Michigan,R9,55041
26013,Baraga County,Michigan,R9,55041
26015,Barry County,Michigan,R9,55041
26017,Bay County,Michigan,R9,55041
26019,Benzie County,Michigan,R9,55041
26021,Berrien County,Michigan,R9,55041
26023,Branch County,Michigan,R9,55041
26025,Calhoun County,Michigan,R9,55041
26027,Cass County,Michigan,R9,55041
26029,Charlevoix County,Michigan,R9,55041
26031,Cheboygan County,Michigan,R9,55041
26033,Chippewa County,Michigan,R9,55041
26035,Clare County,Michigan,R9,55041
26037,Clinton County,Michigan,R9,55041
26039,Crawford County,Michigan,R9,55041
26041,Delta County,Michigan,R9,55041
26043,Dickinson County,Michigan,R9,55041
26045,Eaton County,Michigan,R9,55041
26047,Emmet County,Michigan,R9,55041
26049,Genesee County,Michigan,R9,55041
26051,Gladwin County,Michigan,R9,55041
26053,Gogebic County,Michigan,R9,55041
26055,Grand Traverse County,Michigan,R9,55041
26057,Gratiot County,Michigan,R9,55041
26059,Hillsdale County,Michigan,R9,55041
26061,Houghton County,Michigan,R9,55041
26063,Huron County,Michigan,R9,55041
26065,Ingham County,Michigan,R9,55041
26067,Ionia County,Michigan,R9,55041
26069,Iosco County,Michigan,R9,55041
26071,Iron County,Michigan,R9,55041
26073,Isabella County,Michigan,R9,55041
26075,Jackson County,Michigan,R9,55041
26077,Kalamazoo County,Michigan,R9,55041
26079,Kalkaska County,Michigan,R9,55041
26081,Kent County,Michigan,R9,55041
26083,Keweenaw County,Michigan,R9,55041
26085,Lake County,Michigan,R9,55041
26087,Lapeer County,Michigan,R9,55041
26089,Leelanau County,Michigan,R9,55041
26091,Lenawee County,Michigan,R9,55041
26093,Livingston County,Michigan,R9,55041
26095,Luce County,Michigan,R9,55041
26097,Mackinac County,Michigan,R9,55041
26099,Macomb County,Michigan,R9,55041
26101,Manistee County,Michigan,R9,55041
26103,Marquette County,Michigan,R9,55041
26105,Mason County,Michigan,R9,55041
26107,Mecosta County,Michigan,R9,55041
26109,Menominee County,Michigan,R9,55041
26111,Midland County,Michigan,R9,55041
26113,Missaukee County,Michigan,R9,55041
26115,Monroe County,Michigan,R9,55041
26117,Montcalm County,Michigan,R9,55041
26119,Montmorency County,Michigan,R9,55041
26121,Muskegon County,Michigan,R9,55041
26123,Newaygo County,Michigan,R9,55041
26125,Oakland County,Michigan,R9,55041
26127,Oceana County,Michigan,R9,55041
26129,Ogemaw County,Michigan,R9,55041
26131,Ontonagon County,Michigan,R9,55041
26133,Osceola County,Michigan,R9,55041
26135,Oscoda County,Michigan,R9,55041
26137,Otsego County,Michigan,R9,55041
26139,Ottawa County,Michigan,R9,55041
26141,Presque Isle County,Michigan,R9,55041
26143,Roscommon County,Michigan,R9,55041
26145,Saginaw County,Michigan,R9,55041
26147,St. Clair County,Michigan,R9,55041
26149,St. Joseph County,Michigan,R9,55041
26151,Sanilac County,Michigan,R9,55041
26153,Schoolcraft County,Michigan,R9,55041
26155,Shiawassee County,Michigan,R9,55041
26157,Tuscola County,Michigan,R9,55041
26159,Van Buren County,Michigan,R9,55041
26161,Washtenaw County,Michigan,R9,55041
26163,Wayne County,Michigan,R9,55041
26165,Wexford County,Michigan,R9,55041
27001,Aitkin County,Minnesota,R9,55041
27003,Anoka County,Minnesota,R9,55041
27005,Becker County,Minnesota,R9,55041
27007,Beltrami County,Minnesota,R9,55041
27009,Benton County,Minnesota,R9,55041
27011,Big Stone County,Minnesota,R9,55041
27013,Blue Earth County,Minnesota,R9,55041
27015,Brown County,Minnesota,R9,55041
27017,Carlton County,Minnesota,R9,55041
27019,Carver County,Minnesota,R9,55041
27021,Cass County,Minnesota,R9,55041
27023,Chippewa County,Minnesota,R9,55041
27025,Chisago County,Minnesota,R9,55041
27027,Clay County,Minnesota,R9,55041
27029,Clearwater County,Minnesota,R9,55041
27031,Cook County,Minnesota,R9,55041
27033,Cottonwood County,Minnesota,R9,55041
27035,Crow Wing County,Minnesota,R9,55041
27037,Dakota County,Minnesota,R9,55041
27039,Dodge County,Minnesota,R9,55041
27041,Douglas County,Minnesota,R9,55041
27043,Faribault County,Minnesota,R9,55041
27045,Fillmore County,Minnesota,R9,55041
27047,Freeborn County,Minnesota,R9,55041
27049,Goodhue County,Minnesota,R9,55041
27051,Grant County,Minnesota,R9,55041
27053,Hennepin County,Minnesota,R9,55041
27055,Houston County,Minnesota,R9,55041
27057,Hubbard County,Minnesota,R9,55041
27059,Isanti County,Minnesota,R9,55041
27061,Itasca County,Minnesota,R9,55041
27063,Jackson County,Minnesota,R9,55041
27065,Kanabec County,Minnesota,R9,55041
27067,Kandiyohi County,Minnesota,R9,55041
27069,Kittson County,Minnesota,R9,55041
27071,Koochiching County,Minnesota,R9,55041
27073,Lac qui Parle County,Minnesota,R9,55041
27075,Lake County,Minnesota,R9,55041
27077,Lake of the Woods County,Minnesota,R9,55041
27079,Le Sueur County,Minnesota,R9,55041
27081,Lincoln County,Minnesota,R9,55041
27083,Lyon County,Minnesota,R9,55041
27085,McLeod County,Minnesota,R9,55041
27087,Mahnomen County,Minnesota,R9,55041
27089,Marshall County,Minnesota,R9,55041
27091,Martin County,Minnesota,R9,55041
27093,Meeker County,Minnesota,R9,55041
27095,Mille Lacs County,Minnesota,R9,55041
27097,Morrison County,Minnesota,R9,55041
27099,Mower County,Minnesota,R9,55041
27101,Murray County,Minnesota,R9,55041
27103,Nicollet County,Minnesota,R9,55041
27105,Nobles County,Minnesota,R9,55041
27107,Norman County,Minnesota,R9,55041
27109,Olmsted County,Minnesota,R9,55041
27111,Otter Tail County,Minnesota,R9,55041
27113,Pennington County,Minnesota,R9,55041
27115,Pine County,Minnesota,R9,55041
27117,Pipestone County,Minnesota,R9,55041
27119,Polk County,Minnesota,R9,55041
27121,Pope County,Minnesota,R9,55041
27123,Ramsey County,Minnesota,R9,55041
27125,Red Lake County,Minnesota,R9,55041
27127,Redwood County,Minnesota,R9,55041
27129,Renville County,Minnesota,R9,55041
27131,Rice County,Minnesota,R9,55041
27133,Rock County,Minnesota,R9,55041
27135,Roseau County,Minnesota,R9,55041
27137,St. Louis County,Minnesota,R9,55041
27139,Scott County,Minnesota,R9,55041
27141,Sherburne County,Minnesota,R9,55041
27143,Sibley County,Minnesota,R9,55041
27145,Stearns County,Minnesota,R9,55041
27147,Steele County,Minnesota,R9,55041
27149,Stevens County,Minnesota,R9,55041
27151,Swift County,Minnesota,R9,55041
27153,Todd County,Minnesota,R9,55041
27155,Traverse County,Minnesota,R9,55041
27157,Wabasha County,Minnesota,R9,55041
27159,Wadena County,Minnesota,R9,55041
27161,Waseca County,Minnesota,R9,55041
27163,Washington County,Minnesota,R9,55041
27165,Watonwan County,Minnesota,R9,55041
27167,Wilkin County,Minnesota,R9,55041
27169,Winona County,Minnesota,R9,55041
27171,Wright County,Minnesota,R9,55041
27173,Yellow Medicine County,Minnesota,R9,55041
28001,Adams County,Mississippi,F8,48373
28003,Alcorn County,Mississippi,F8,48373
28005,Amite County,Mississippi,F8,48373
28007,Attala County,Mississippi,F8,48373
28009,Benton County,Mississippi,F8,48373
28011,Bolivar County,Mississippi,F8,48373
28013,Calhoun County,Mississippi,F8,48373
28015,Carroll County,Mississippi,F8,48373
28017,Chickasaw County,Mississippi,F8,48373
28019,Choctaw County,Mississippi,F8,48373
28021,Claiborne County,Mississippi,F8,48373
28023,Clarke County,Mississippi,F8,48373
28025,Clay County,Mississippi,F8,48373
28027,Coahoma County,Mississippi,F8,48373
28029,Copiah County,Mississippi,F8,48373
28031,Covington County,Mississippi,F8,48373
28033,DeSoto County,Mississippi,F8,48373
28035,Forrest County,Mississippi,F8,48373
28037,Franklin County,Mississippi,F8,48373
28039,George County,Mississippi,F8,48373
28041,Greene County,Mississippi,F8,48373
28043,Grenada County,Mississippi,F8,48373
28045,Hancock County,Mississippi,F8,48373
28047,Harrison County,Mississippi,F8,48373
28049,Hinds County,Mississippi,F8,48373
28051,Holmes County,Mississippi,F8,48373
28053,Humphreys County,Mississippi,F8,48373
28055,Issaquena County,Mississippi,F8,48373
28057,Itawamba County,Mississippi,F8,48373
28059,Jackson County,Mississippi,F8,48373
28061,Jasper County,Mississippi,F8,48373
28063,Jefferson County,Mississippi,F8,48373
28065,Jefferson Davis County,Mississippi,F8,48373
28067,Jones County,Mississippi,F8,48373
28069,Kemper County,Mississippi,F8,48373
28071,Lafayette County,Mississippi,F8,48373
28073,Lamar County,Mississippi,F8,48373
28075,Lauderdale County,Mississippi,F8,48373
28077,Lawrence County,Mississippi,F8,48373
28079,Leake County,Mississippi,F8,48373
28081,Lee County,Mississippi,F8,48373
28083,Leflore County,Mississippi,F8,48373
28085,Lincoln County,Mississippi,F8,48373
28087,Lowndes County,Mississippi,F8,48373
28089,Madison County,Mississippi,F8,48373
28091,Marion County,Mississippi,F8,48373
28093,Marshall County,Mississippi,F8,48373
28095,Monroe County,Mississippi,F8,48373
28097,Montgomery County,Mississippi,F8,48373
28099,Neshoba County,Mississippi,F8,48373
28101,Newton County,Mississippi,F8,48373
28103,Noxubee County,Mississippi,F8,48373
28105,Oktibbeha County,Mississippi,F8,48373
28107,Panola County,Mississippi,F8,48373
28109,Pearl River County,Mississippi,F8,48373
28111,Perry County,Mississippi,F8,48373
28113,Pike County,Mississippi,F8,48373
28115,Pontotoc County,Mississippi,F8,48373
28117,Prentiss County,Mississippi,F8,48373
28119,Quitman County,Mississippi,F8,48373
28121,Rankin County,Mississippi,F8,48373
28123,Scott County,Mississippi,F8,48373
28125,Sharkey County,Mississippi,F8,48373
28127,Simpson County,Mississippi,F8,48373
28129,Smith County,Mississippi,F8,48373
28131,Stone County,Mississippi,F8,48373
28133,Sunflower County,Mississippi,F8,48373
28135,Tallahatchie County,Mississippi,F8,48373
28137,Tate County,Mississippi,F8,48373
28139,Tippah County,Mississippi,F8,48373
28141,Tishomingo County,Mississippi,F8,48373
28143,Tunica County,Mississippi,F8,48373
28145,Union County,Mississippi,F8,48373
28147,Walthall County,Mississippi,F8,48373
28149,Warren County,Mississippi,F8,48373
28151,Washington County,Mississippi,F8,48373
28153,Wayne County,Mississippi,F8,48373
28155,Webster County,Mississippi,F8,48373
28157,Wilkinson County,Mississippi,F8,48373
28159,Winston County,Mississippi,F8,48373
28161,Yalobusha County,Mississippi,F8,48373
28163,Yazoo County,Mississippi,F8,48373
29001,Adair County,Missouri,F8,48373
29003,Andrew County,Missouri,F8,48373
29005,Atchison County,Missouri,F8,48373
29007,Audrain County,Missouri,F8,48373
29009,Barry County,Missouri,F8,48373
29011,Barton County,Missouri,F8,48373
29013,Bates County,Missouri,F8,48373
29015,Benton County,Missouri,F8,48373
29017,Bollinger County,Missouri,F8,48373
29019,Boone County,Missouri,F8,48373
29021,Buchanan County,Missouri,F8,48373
29023,Butler County,Missouri,F8,48373
29025,Caldwell County,Missouri,F8,48373
29027,Callaway County,Missouri,F8,48373
29029,Camden County,Missouri,F8,48373
29031,Cape Girardeau County,Missouri,F8,48373
29033,Carroll County,Missouri,F8,48373
29035,Carter County,Missouri,F8,48373
29037,Cass County,Missouri,F8,48373
29039,Cedar County,Missouri,F8,48373
29041,Chariton County,Missouri,F8,48373
29043,Christian County,Missouri,F8,48373
29045,Clark County,Missouri,F8,48373
29047,Clay County,Missouri,F8,48373
29049,Clinton County,Missouri,F8,48373
29051,Cole County,Missouri,F8,48373
29053,Cooper County,Missouri,F8,48373
29055,Crawford County,Missouri,F8,48373
29057,Dade County,Missouri,F8,48373
29059,Dallas County,Missouri,F8,48373
29061,Daviess County,Missouri,F8,48373
29063,DeKalb County,Missouri,F8,48373
29065,Dent County,Missouri,F8,48373
29067,Douglas County,Missouri,F8,48373
29069,Dunklin County,Missouri,F8,48373
29071,Franklin County,Missouri,F8,48373
29073,Gasconade County,Missouri,F8,48373
29075,Gentry County,Missouri,F8,48373
29077,Greene County,Missouri,F8,48373
29079,Grundy County,Missouri,F8,48373
29081,Harrison County,Missouri,F8,48373
29083,Henry County,Missouri,F8,48373
29085,Hickory County,Missouri,F8,48373
29087,Holt County,Missouri,F8,48373
29089,Howard County,Missouri,F8,48373
29091,Howell County,Missouri,F8,48373
29093,Iron County,Missouri,F8,48373
29095,Jackson County,Missouri,F8,48373
29097,Jasper County,Missouri,F8,48373
29099,Jefferson County,Missouri,F8,48373
29101,Johnson County,Missouri,F8,48373
29103,Knox County,Missouri,F8,48373
29105,Laclede County,Missouri,F8,48373
29107,Lafayette County,Missouri,F8,48373
29109,Lawrence County,Missouri,F8,48373
29111,Lewis County,Missouri,F8,48373
29113,Lincoln County,Missouri,F8,48373
29115,Linn County,Missouri,F8,48373
29117,Livingston County,Missouri,F8,48373
29119,McDonald County,Missouri,F8,48373
29121,Macon County,Missouri,F8,48373
29123,Madison County,Missouri,F8,48373
29125,Maries County,Missouri,F8,48373
29127,Marion County,Missouri,F8,48373
29129,Mercer County,Missouri,F8,48373
29131,Miller County,Missouri,F8,48373
29133,Mississippi County,Missouri,F8,48373
29135,Moniteau County,Missouri,F8,48373
29137,Monroe County,Missouri,F8,48373
29139,Montgomery County,Missouri,F8,48373
29141,Morgan County,Missouri,F8,48373
29143,New Madrid County,Missouri,F8,48373
29145,Newton County,Missouri,F8,48373
29147,Nodaway County,Missouri,F8,48373
29149,Oregon County,Missouri,F8,48373
29151,Osage County,Missouri,F8,48373
29153,Ozark County,Missouri,F8,48373
29155,Pemiscot County,Missouri,F8,48373
29157,Perry County,Missouri,F8,48373
29159,Pettis County,Missouri,F8,48373
29161,Phelps County,Missouri,F8,48373
29163,Pike County,Missouri,F8,48373
29165,Platte County,Missouri,F8,48373
29167,Polk County,Missouri,F8,48373
29169,Pulaski County,Missouri,F8,48373
29171,Putnam County,Missouri,F8,48373
29173,Ralls County,Missouri,F8,48373
29175,Randolph County,Missouri,F8,48373
29177,Ray County,Missouri,F8,48373
29179,Reynolds County,Missouri,F8,48373
29181,Ripley County,Missouri,F8,48373
29183,St. Charles County,Missouri,F8,48373
29185,St. Clair County,Missouri,F8,48373
29186,Ste. Genevieve County,Missouri,F8,48373
29187,St. Francois County,Missouri,F8,48373
29189,St. Louis County,Missouri,F8,48373
29195,Saline County,Missouri,F8,48373
29197,Schuyler County,Missouri,F8,48373
29199,Scotland County,Missouri,F8,48373
29201,Scott County,Missouri,F8,48373
29203,Shannon County,Missouri,F8,48373
29205,Shelby County,Missouri,F8,48373
29207,Stoddard County,Missouri,F8,48373
29209,Stone County,Missouri,F8,48373
29211,Sullivan County,Missouri,F8,48373
29213,Taney County,Missouri,F8,48373
29215,Texas County,Missouri,F8,48373
29217,Vernon County,Missouri,F8,48373
29219,Warren County,Missouri,F8,48373
29221,Washington County,Missouri,F8,48373
29223,Wayne County,Missouri,F8,48373
29225,Webster County,Missouri,F8,48373
29227,Worth County,Missouri,F8,48373
29229,Wright County,Missouri,F8,48373
31001,Adams County,Nebraska,R2,8051
31003,Antelope County,Nebraska,R2,8051
31007,Banner County,Nebraska,R2,8051
31009,Blaine County,Nebraska,R2,8051
31011,Boone County,Nebraska,R2,8051
31013,Box Butte County,Nebraska,R2,8051
31015,Boyd County,Nebraska,R2,8051
31017,Brown County,Nebraska,R2,8051
31019,Buffalo County,Nebraska,R2,8051
31021,Burt County,Nebraska,R2,8051
31023,Butler County,Nebraska,R2,8051
31025,Cass County,Nebraska,R2,8051
31027,Cedar County,Nebraska,R2,8051
31029,Chase County,Nebraska,R2,8051
31031,Cherry County,Nebraska,R2,8051
31033,Cheyenne County,Nebraska,R2,8051
31035,Clay County,Nebraska,R2,8051
31037,Colfax County,Nebraska,R2,8051
31039,Cuming County,Nebraska,R2,8051
31041,Custer County,Nebraska,R2,8051
31043,Dakota County,Nebraska,R2,8051
31045,Dawes County,Nebraska,R2,8051
31047,Dawson County,Nebraska,R2,8051
31049,Deuel County,Nebraska,R2,8051
31051,Dixon County,Nebraska,R2,8051
31053,Dodge County,Nebraska,R2,8051
31055,Douglas County,Nebraska,R2,8051
31057,Dundy County,Nebraska,R2,8051
31059,Fillmore County,Nebraska,R2,8051
31061,Franklin County,Nebraska,R2,8051
31063,Frontier County,Nebraska,R2,8051
31067,Gage County,Nebraska,R2,8051
31069,Garden County,Nebraska,R2,8051
31071,Garfield County,Nebraska,R2,8051
31073,Gosper County,Nebraska,R2,8051
31075,Grant County,Nebraska,R2,8051
31077,Greeley County,Nebraska,R2,8051
31079,Hall County,Nebraska,R2,8051
31081,Hamilton County,Nebraska,R2,8051
31085,Hayes County,Nebraska,R2,8051
31087,Hitchcock County,Nebraska,R2,8051
31089,Holt County,Nebraska,R2,8051
31091,Hooker County,Nebraska,R2,8051
31093,Howard County,Nebraska,R2,8051
31095,Jefferson County,Nebraska,R2,8051
31097,Johnson County,Nebraska,R2,8051
31099,Kearney County,Nebraska,R2,8051
31101,Keith County,Nebraska,R2,8051
31103,Keya Paha County,Nebraska,R2,8051
31105,Kimball County,Nebraska,R2,8051
31107,Knox County,Nebraska,R2,8051
31109,Lancaster County,Nebraska,R2,8051
31111,Lincoln County,Nebraska,R2,8051
31113,Logan County,Nebraska,R2,8051
31115,Loup County,Nebraska,R2,8051
31117,McPherson County,Nebraska,R2,8051
31119,Madison County,Nebraska,R2,8051
31121,Merrick County,Nebraska,R2,8051
31123,Morrill County,Nebraska,R2,8051
31125,Nance County,Nebraska,R2,8051
31127,Nemaha County,Nebraska,R2,8051
31129,Nuckolls County,Nebraska,R2,8051
31131,Otoe County,Nebraska,R2,8051
31133,Pawnee County,Nebraska,R2,8051
31135,Perkins County,Nebraska,R2,8051
31137,Phelps County,Nebraska,R2,8051
31139,Pierce County,Nebraska,R2,8051
31141,Platte County,Nebraska,R2,8051
31143,Polk County,Nebraska,R2,8051
31145,Red Willow County,Nebraska,R2,8051
31147,Richardson County,Nebraska,R2,8051
31149,Rock County,Nebraska,R2,8051
31151,Saline County,Nebraska,R2,8051
31153,Sarpy County,Nebraska,R2,8051
31155,Saunders County,Nebraska,R2,8051
31157,Scotts Bluff County,Nebraska,R2,8051
31159,Seward County,Nebraska,R2,8051
31161,Sheridan County,Nebraska,R2,8051
31163,Sherman County,Nebraska,R2,8051
31165,Sioux County,Nebraska,R2,8051
31167,Stanton County,Nebraska,R2,8051
31169,Thayer County,Nebraska,R2,8051
31171,Thomas County,Nebraska,R2,8051
31173,Thurston County,Nebraska,R2,8051
31175,Valley County,Nebraska,R2,8051
31177,Washington County,Nebraska,R2,8051
31179,Wayne County,Nebraska,R2,8051
31183,Wheeler County,Nebraska,R2,8051
31185,York County,Nebraska,R2,8051
32001,Churchill County,Nevada,R4,8051
32005,Douglas County,Nevada,R4,8051
32013,Humboldt County,Nevada,R4,8051
32019,Lyon County,Nevada,R4,8051
32027,Pershing County,Nevada,R4,8051
32029,Storey County,Nevada,R4,8051
32031,Washoe County,Nevada,R4,8051
32510,Carson City,Nevada,R4,8051
33001,Belknap County,New Hampshire,R9,23003
33003,Carroll County,New Hampshire,R9,23003
33005,Cheshire County,New Hampshire,R9,23003
33007,Coos County,New Hampshire,R9,23003
33009,Grafton County,New Hampshire,R9,23003
33011,Hillsborough County,New Hampshire,R9,23003
33013,Merrimack County,New Hampshire,R9,23003
33015,Rockingham County,New Hampshire,R9,23003
33017,Strafford County,New Hampshire,R9,23003
33019,Sullivan County,New Hampshire,R9,23003
34001,Atlantic County,New Jersey,R9,23003
34005,Burlington County,New Jersey,R9,23003
34009,Cape May County,New Jersey,R9,23003
34021,Mercer County,New Jersey,R9,23003
34023,Middlesex County,New Jersey,R9,23003
34025,Monmouth County,New Jersey,R9,23003
34027,Morris County,New Jersey,R9,23003
34029,Ocean County,New Jersey,R9,23003
34033,Salem County,New Jersey,R9,23003
34035,Somerset County,New Jersey,R9,23003
34037,Sussex County,New Jersey,R9,23003
34041,Warren County,New Jersey,R9,23003
35001,Bernalillo County,New Mexico,R3,48373
35006,Cibola County,New Mexico,R3,48373
35007,Colfax County,New Mexico,R3,48373
35019,Guadalupe County,New Mexico,R3,48373
35021,Harding County,New Mexico,R3,48373
35028,Los Alamos County,New Mexico,R3,48373
35031,McKinley County,New Mexico,R3,48373
35033,Mora County,New Mexico,R3,48373
35035,Otero County,New Mexico,R3,48373
35039,Rio Arriba County,New Mexico,R3,48373
35043,Sandoval County,New Mexico,R3,48373
35045,San Juan County,New Mexico,R3,48373
35047,San Miguel County,New Mexico,R3,48373
35049,Santa Fe County,New Mexico,R3,48373
35055,Taos County,New Mexico,R3,48373
35057,Torrance County,New Mexico,R3,48373
35059,Union County,New Mexico,R3,48373
35061,Valencia County,New Mexico,R3,48373
36001,Albany County,New York,R9,23003
36003,Allegany County,New York,R9,23003
36005,Bronx County,New York,R9,23003
36009,Cattaraugus County,New York,R9,23003
36011,Cayuga County,New York,R9,23003
36013,Chautauqua County,New York,R9,23003
36017,Chenango County,New York,R9,23003
36019,Clinton County,New York,R9,23003
36021,Columbia County,New York,R9,23003
36023,Cortland County,New York,R9,23003
36025,Delaware County,New York,R9,23003
36027,Dutchess County,New York,R9,23003
36029,Erie County,New York,R9,23003
36031,Essex County,New York,R9,23003
36033,Franklin County,New York,R9,23003
36035,Fulton County,New York,R9,23003
36037,Genesee County,New York,R9,23003
36039,Greene County,New York,R9,23003
36041,Hamilton County,New York,R9,23003
36043,Herkimer County,New York,R9,23003
36045,Jefferson County,New York,R9,23003
36047,Kings County,New York,R9,23003
36049,Lewis County,New York,R9,23003
36051,Livingston County,New York,R9,23003
36053,Madison County,New York,R9,23003
36055,Monroe County,New York,R9,23003
36057,Montgomery County,New York,R9,23003
36059,Nassau County,New York,R9,23003
36061,New York County,New York,R9,23003
36063,Niagara County,New York,R9,23003
36065,Oneida County,New York,R9,23003
36067,Onondaga County,New York,R9,23003
36069,Ontario County,New York,R9,23003
36071,Orange County,New York,R9,23003
36073,Orleans County,New York,R9,23003
36075,Oswego County,New York,R9,23003
36077,Otsego County,New York,R9,23003
36079,Putnam County,New York,R9,23003
36081,Queens County,New York,R9,23003
36083,Rensselaer County,New York,R9,23003
36085,Richmond County,New York,R9,23003
36087,Rockland County,New York,R9,23003
36089,St. Lawrence County,New York,R9,23003
36091,Saratoga County,New York,R9,23003
36093,Schenectady County,New York,R9,23003
36095,Schoharie County,New York,R9,23003
36097,Schuyler County,New York,R9,23003
36099,Seneca County,New York,R9,23003
36101,Steuben County,New York,R9,23003
36103,Suffolk County,New York,R9,23003
36105,Sullivan County,New York,R9,23003
36111,Ulster County,New York,R9,23003
36113,Warren County,New York,R9,23003
36115,Washington County,New York,R9,23003
36117,Wayne County,New York,R9,23003
36119,Westchester County,New York,R9,23003
36121,Wyoming County,New York,R9,23003
36123,Yates County,New York,R9,23003
37001,Alamance County,North Carolina,R8,45025
37003,Alexander County,North Carolina,R8,45025
37005,Alleghany County,North Carolina,R8,45025
37007,Anson County,North Carolina,R8,45025
37009,Ashe County,North Carolina,R8,45025
37011,Avery County,North Carolina,R8,45025
37013,Beaufort County,North Carolina,R8,45025
37015,Bertie County,North Carolina,R8,45025
37017,Bladen County,North Carolina,R8,45025
37019,Brunswick County,North Carolina,R8,45025
37021,Buncombe County,North Carolina,R8,45025
37023,Burke County,North Carolina,R8,45025
37025,Cabarrus County,North Carolina,R8,45025
37027,Caldwell County,North Carolina,R8,45025
37029,Camden County,North Carolina,R8,45025
37031,Carteret County,North Carolina,R8,45025
37033,Caswell County,North Carolina,R8,45025
37035,Catawba County,North Carolina,R8,45025
37037,Chatham County,North Carolina,R8,45025
37039,Cherokee County,North Carolina,R8,45025
37041,Chowan County,North Carolina,R8,45025
37043,Clay County,North Carolina,R8,45025
37045,Cleveland County,North Carolina,R8,45025
37047,Columbus County,North Carolina,R8,45025
37049,Craven County,North Carolina,R8,45025
37051,Cumberland County,North Carolina,R8,45025
37053,Currituck County,North Carolina,R8,45025
37055,Dare County,North Carolina,R8,45025
37057,Davidson County,North Carolina,R8,45025
37059,Davie County,North Carolina,R8,45025
37061,Duplin County,North Carolina,R8,45025
37063,Durham County,North Carolina,R8,45025
37065,Edgecombe County,North Carolina,R8,45025
37067,Forsyth County,North Carolina,R8,45025
37069,Franklin County,North Carolina,R8,45025
37071,Gaston County,North Carolina,R8,45025
37073,Gates County,North Carolina,R8,45025
37075,Graham County,North Carolina,R8,45025
37077,Granville County,North Carolina,R8,45025
37079,Greene County,North Carolina,R8,45025
37081,Guilford County,North Carolina,R8,45025
37083,Halifax County,North Carolina,R8,45025
37085,Harnett County,North Carolina,R8,45025
37087,Haywood County,North Carolina,R8,45025
37089,Henderson County,North Carolina,R8,45025
37091,Hertford County,North Carolina,R8,45025
37093,Hoke County,North Carolina,R8,45025
37095,Hyde County,North Carolina,R8,45025
37097,Iredell County,North Carolina,R8,45025
37099,Jackson County,North Carolina,R8,45025
37101,Johnston County,North Carolina,R8,45025
37103,Jones County,North Carolina,R8,45025
37105,Lee County,North Carolina,R8,45025
37107,Lenoir County,North Carolina,R8,45025
37109,Lincoln County,North Carolina,R8,45025
37111,McDowell County,North Carolina,R8,45025
37113,Macon County,North Carolina,R8,45025
37115,Madison County,North Carolina,R8,45025
37117,Martin County,North Carolina,R8,45025
37119,Mecklenburg County,North Carolina,R8,45025
37121,Mitchell County,North Carolina,R8,45025
37123,Montgomery County,North Carolina,R8,45025
37125,Moore County,North Carolina,R8,45025
37127,Nash County,North Carolina,R8,45025
37129,New Hanover County,North Carolina,R8,45025
37131,Northampton County,North Carolina,R8,45025
37133,Onslow County,North Carolina,R8,45025
37135,Orange County,North Carolina,R8,45025
37137,Pamlico County,North Carolina,R8,45025
37139,Pasquotank County,North Carolina,R8,45025
37141,Pender County,North Carolina,R8,45025
37143,Perquimans County,North Carolina,R8,45025
37145,Person County,North Carolina,R8,45025
37147,Pitt County,North Carolina,R8,45025
37149,Polk County,North Carolina,R8,45025
37151,Randolph County,North Carolina,R8,45025
37153,Richmond County,North Carolina,R8,45025
37155,Robeson County,North Carolina,R8,45025
37157,Rockingham County,North Carolina,R8,45025
37159,Rowan County,North Carolina,R8,45025
37161,Rutherford County,North Carolina,R8,45025
37163,Sampson County,North Carolina,R8,45025
37165,Scotland County,North Carolina,R8,45025
37167,Stanly County,North Carolina,R8,45025
37169,Stokes County,North Carolina,R8,45025
37171,Surry County,North Carolina,R8,45025
37173,Swain County,North Carolina,R8,45025
37175,Transylvania County,North Carolina,R8,45025
37177,Tyrrell County,North Carolina,R8,45025
37179,Union County,North Carolina,R8,45025
37181,Vance County,North Carolina,R8,45025
37183,Wake County,North Carolina,R8,45025
37185,Warren County,North Carolina,R8,45025
37187,Washington County,North Carolina,R8,45025
37189,Watauga County,North Carolina,R8,45025
37191,Wayne County,North Carolina,R8,45025
37193,Wilkes County,North Carolina,R8,45025
37195,Wilson County,North Carolina,R8,45025
37197,Yadkin County,North Carolina,R8,45025
37199,Yancey County,North Carolina,R8,45025
38003,Barnes County,North Dakota,R10,38061
38013,Burke County,North Dakota,R10,38061
38015,Burleigh County,North Dakota,R10,38061
38017,Cass County,North Dakota,R10,38061
38019,Cavalier County,North Dakota,R10,38061
38021,Dickey County,North Dakota,R10,38061
38023,Divide County,North Dakota,R10,38061
38027,Eddy County,North Dakota,R10,38061
38029,Emmons County,North Dakota,R10,38061
38031,Foster County,North Dakota,R10,38061
38035,Grand Forks County,North Dakota,R10,38061
38037,Grant County,North Dakota,R10,38061
38039,Griggs County,North Dakota,R10,38061
38043,Kidder County,North Dakota,R10,38061
38045,LaMoure County,North Dakota,R10,38061
38047,Logan County,North Dakota,R10,38061
38051,McIntosh County,North Dakota,R10,38061
38059,Morton County,North Dakota,R10,38061
38061,Mountrail County,North Dakota,R10,38061
38063,Nelson County,North Dakota,R10,38061
38067,Pembina County,North Dakota,R10,38061
38071,Ramsey County,North Dakota,R10,38061
38073,Ransom County,North Dakota,R10,38061
38075,Renville County,North Dakota,R10,38061
38077,Richland County,North Dakota,R10,38061
38081,Sargent County,North Dakota,R10,38061
38083,Sheridan County,North Dakota,R10,38061
38085,Sioux County,North Dakota,R10,38061
38091,Steele County,North Dakota,R10,38061
38093,Stutsman County,North Dakota,R10,38061
38095,Towner County,North Dakota,R10,38061
38097,Traill County,North Dakota,R10,38061
38099,Walsh County,North Dakota,R10,38061
38101,Ward County,North Dakota,R10,38061
38103,Wells County,North Dakota,R10,38061
38105,Williams County,North Dakota,R10,38061
39001,Adams County,Ohio,R9,55041
39009,Athens County,Ohio,R9,55041
39013,Belmont County,Ohio,R9,55041
39015,Brown County,Ohio,R9,55041
39019,Carroll County,Ohio,R9,55041
39031,Coshocton County,Ohio,R9,55041
39035,Cuyahoga County,Ohio,R9,55041
39039,Defiance County,Ohio,R9,55041
39041,Delaware County,Ohio,R9,55041
39043,Erie County,Ohio,R9,55041
39045,Fairfield County,Ohio,R9,55041
39047,Fayette County,Ohio,R9,55041
39049,Franklin County,Ohio,R9,55041
39053,Gallia County,Ohio,R9,55041
39057,Greene County,Ohio,R9,55041
39067,Harrison County,Ohio,R9,55041
39071,Highland County,Ohio,R9,55041
39073,Hocking County,Ohio,R9,55041
39075,Holmes County,Ohio,R9,55041
39079,Jackson County,Ohio,R9,55041
39081,Jefferson County,Ohio,R9,55041
39083,Knox County,Ohio,R9,55041
39087,Lawrence County,Ohio,R9,55041
39089,Licking County,Ohio,R9,55041
39097,Madison County,Ohio,R9,55041
39101,Marion County,Ohio,R9,55041
39111,Monroe County,Ohio,R9,55041
39113,Montgomery County,Ohio,R9,55041
39115,Morgan County,Ohio,R9,55041
39117,Morrow County,Ohio,R9,55041
39121,Noble County,Ohio,R9,55041
39123,Ottawa County,Ohio,R9,55041
39127,Perry County,Ohio,R9,55041
39129,Pickaway County,Ohio,R9,55041
39131,Pike County,Ohio,R9,55041
39133,Portage County,Ohio,R9,55041
39141,Ross County,Ohio,R9,55041
39145,Scioto County,Ohio,R9,55041
39153,Summit County,Ohio,R9,55041
39155,Trumbull County,Ohio,R9,55041
39157,Tuscarawas County,Ohio,R9,55041
39159,Union County,Ohio,R9,55041
39163,Vinton County,Ohio,R9,55041
39167,Washington County,Ohio,R9,55041
40001,Adair County,Oklahoma,R8,48373
40005,Atoka County,Oklahoma,R8,48373
40009,Beckham County,Oklahoma,R8,48373
40011,Blaine County,Oklahoma,R8,48373
40013,Bryan County,Oklahoma,R8,48373
40017,Canadian County,Oklahoma,R8,48373
40019,Carter County,Oklahoma,R8,48373
40021,Cherokee County,Oklahoma,R8,48373
40023,Choctaw County,Oklahoma,R8,48373
40027,Cleveland County,Oklahoma,R8,48373
40029,Coal County,Oklahoma,R8,48373
40037,Creek County,Oklahoma,R8,48373
40039,Custer County,Oklahoma,R8,48373
40043,Dewey County,Oklahoma,R8,48373
40049,Garvin County,Oklahoma,R8,48373
40051,Grady County,Oklahoma,R8,48373
40061,Haskell County,Oklahoma,R8,48373
40063,Hughes County,Oklahoma,R8,48373
40067,Jefferson County,Oklahoma,R8,48373
40069,Johnston County,Oklahoma,R8,48373
40073,Kingfisher County,Oklahoma,R8,48373
40077,Latimer County,Oklahoma,R8,48373
40079,Le Flore County,Oklahoma,R8,48373
40081,Lincoln County,Oklahoma,R8,48373
40083,Logan County,Oklahoma,R8,48373
40085,Love County,Oklahoma,R8,48373
40087,McClain County,Oklahoma,R8,48373
40089,McCurtain County,Oklahoma,R8,48373
40091,McIntosh County,Oklahoma,R8,48373
40095,Marshall County,Oklahoma,R8,48373
40099,Murray County,Oklahoma,R8,48373
40101,Muskogee County,Oklahoma,R8,48373
40107,Okfuskee County,Oklahoma,R8,48373
40109,Oklahoma County,Oklahoma,R8,48373
40111,Okmulgee County,Oklahoma,R8,48373
40119,Payne County,Oklahoma,R8,48373
40121,Pittsburg County,Oklahoma,R8,48373
40123,Pontotoc County,Oklahoma,R8,48373
40125,Pottawatomie County,Oklahoma,R8,48373
40127,Pushmataha County,Oklahoma,R8,48373
40129,Roger Mills County,Oklahoma,R8,48373
40133,Seminole County,Oklahoma,R8,48373
40135,Sequoyah County,Oklahoma,R8,48373
40137,Stephens County,Oklahoma,R8,48373
40149,Washita County,Oklahoma,R8,48373
41001,Baker County,Oregon,R6,53037
41003,Benton County,Oregon,R6,53037
41005,Clackamas County,Oregon,R6,53037
41007,Clatsop County,Oregon,R6,53037
41009,Columbia County,Oregon,R6,53037
41011,Coos County,Oregon,R6,53037
41013,Crook County,Oregon,R6,53037
41015,Curry County,Oregon,R6,53037
41017,Deschutes County,Oregon,R6,53037
41019,Douglas County,Oregon,R6,53037
41021,Gilliam County,Oregon,R6,53037
41023,Grant County,Oregon,R6,53037
41025,Harney County,Oregon,R6,53037
41027,Hood River County,Oregon,R6,53037
41029,Jackson County,Oregon,R6,53037
41031,Jefferson County,Oregon,R6,53037
41033,Josephine County,Oregon,R6,53037
41035,Klamath County,Oregon,R6,53037
41037,Lake County,Oregon,R6,53037
41039,Lane County,Oregon,R6,53037
41041,Lincoln County,Oregon,R6,53037
41043,Linn County,Oregon,R6,53037
41045,Malheur County,Oregon,R6,53037
41047,Marion County,Oregon,R6,53037
41049,Morrow County,Oregon,R6,53037
41051,Multnomah County,Oregon,R6,53037
41053,Polk County,Oregon,R6,53037
41055,Sherman County,Oregon,R6,53037
41057,Tillamook County,Oregon,R6,53037
41059,Umatilla County,Oregon,R6,53037
41061,Union County,Oregon,R6,53037
41063,Wallowa County,Oregon,R6,53037
41065,Wasco County,Oregon,R6,53037
41067,Washington County,Oregon,R6,53037
41069,Wheeler County,Oregon,R6,53037
41071,Yamhill County,Oregon,R6,53037
42001,Adams County,Pennsylvania,R9,54025
42005,Armstrong County,Pennsylvania,R9,54025
42007,Beaver County,Pennsylvania,R9,54025
42009,Bedford County,Pennsylvania,R9,54025
42011,Berks County,Pennsylvania,R9,54025
42013,Blair County,Pennsylvania,R9,54025
42015,Bradford County,Pennsylvania,R9,54025
42019,Butler County,Pennsylvania,R9,54025
42021,Cambria County,Pennsylvania,R9,54025
42023,Cameron County,Pennsylvania,R9,54025
42025,Carbon County,Pennsylvania,R9,54025
42027,Centre County,Pennsylvania,R9,54025
42029,Chester County,Pennsylvania,R9,54025
42031,Clarion County,Pennsylvania,R9,54025
42033,Clearfield County,Pennsylvania,R9,54025
42035,Clinton County,Pennsylvania,R9,54025
42037,Columbia County,Pennsylvania,R9,54025
42039,Crawford County,Pennsylvania,R9,54025
42041,Cumberland County,Pennsylvania,R9,54025
42043,Dauphin County,Pennsylvania,R9,54025
42047,Elk County,Pennsylvania,R9,54025
42049,Erie County,Pennsylvania,R9,54025
42051,Fayette County,Pennsylvania,R9,54025
42053,Forest County,Pennsylvania,R9,54025
42055,Franklin County,Pennsylvania,R9,54025
42057,Fulton County,Pennsylvania,R9,54025
42061,Huntingdon County,Pennsylvania,R9,54025
42063,Indiana County,Pennsylvania,R9,54025
42065,Jefferson County,Pennsylvania,R9,54025
42067,Juniata County,Pennsylvania,R9,54025
42069,Lackawanna County,Pennsylvania,R9,54025
42071,Lancaster County,Pennsylvania,R9,54025
42073,Lawrence County,Pennsylvania,R9,54025
42075,Lebanon County,Pennsylvania,R9,54025
42077,Lehigh County,Pennsylvania,R9,54025
42079,Luzerne County,Pennsylvania,R9,54025
42081,Lycoming County,Pennsylvania,R9,54025
42083,McKean County,Pennsylvania,R9,54025
42085,Mercer County,Pennsylvania,R9,54025
42087,Mifflin County,Pennsylvania,R9,54025
42089,Monroe County,Pennsylvania,R9,54025
42091,Montgomery County,Pennsylvania,R9,54025
42093,Montour County,Pennsylvania,R9,54025
42095,Northampton County,Pennsylvania,R9,54025
42097,Northumberland County,Pennsylvania,R9,54025
42099,Perry County,Pennsylvania,R9,54025
42103,Pike County,Pennsylvania,R9,54025
42105,Potter County,Pennsylvania,R9,54025
42107,Schuylkill County,Pennsylvania,R9,54025
42109,Snyder County,Pennsylvania,R9,54025
42111,Somerset County,Pennsylvania,R9,54025
42113,Sullivan County,Pennsylvania,R9,54025
42115,Susquehanna County,Pennsylvania,R9,54025
42117,Tioga County,Pennsylvania,R9,54025
42119,Union County,Pennsylvania,R9,54025
42121,Venango County,Pennsylvania,R9,54025
42123,Warren County,Pennsylvania,R9,54025
42127,Wayne County,Pennsylvania,R9,54025
42129,Westmoreland County,Pennsylvania,R9,54025
42131,Wyoming County,Pennsylvania,R9,54025
42133,York County,Pennsylvania,R9,54025
44001,Bristol County,Rhode Island,R9,23003
44003,Kent County,Rhode Island,R9,23003
44005,Newport County,Rhode Island,R9,23003
44007,Providence County,Rhode Island,R9,23003
44009,Washington County,Rhode Island,R9,23003
45001,Abbeville County,South Carolina,R8,45025
45003,Aiken County,South Carolina,R8,45025
45005,Allendale County,South Carolina,R8,45025
45007,Anderson County,South Carolina,R8,45025
45009,Bamberg County,South Carolina,R8,45025
45011,Barnwell County,South Carolina,R8,45025
45013,Beaufort County,South Carolina,R8,45025
45015,Berkeley County,South Carolina,R8,45025
45017,Calhoun County,South Carolina,R8,45025
45019,Charleston County,South Carolina,R8,45025
45021,Cherokee County,South Carolina,R8,45025
45023,Chester County,South Carolina,R8,45025
45025,Chesterfield County,South Carolina,R8,45025
45027,Clarendon County,South Carolina,R8,45025
45029,Colleton County,South Carolina,R8,45025
45031,Darlington County,South Carolina,R8,45025
45033,Dillon County,South Carolina,R8,45025
45035,Dorchester County,South Carolina,R8,45025
45037,Edgefield County,South Carolina,R8,45025
45039,Fairfield County,South Carolina,R8,45025
45041,Florence County,South Carolina,R8,45025
45043,Georgetown County,South Carolina,R8,45025
45045,Greenville County,South Carolina,R8,45025
45047,Greenwood County,South Carolina,R8,45025
45049,Hampton County,South Carolina,R8,45025
45051,Horry County,South Carolina,R8,45025
45053,Jasper County,South Carolina,R8,45025
45055,Kershaw County,South Carolina,R8,45025
45057,Lancaster County,South Carolina,R8,45025
45059,Laurens County,South Carolina,R8,45025
45061,Lee County,South Carolina,R8,45025
45063,Lexington County,South Carolina,R8,45025
45065,McCormick County,South Carolina,R8,45025
45067,Marion County,South Carolina,R8,45025
45069,Marlboro County,South Carolina,R8,45025
45071,Newberry County,South Carolina,R8,45025
45073,Oconee County,South Carolina,R8,45025
45075,Orangeburg County,South Carolina,R8,45025
45077,Pickens County,South Carolina,R8,45025
45079,Richland County,South Carolina,R8,45025
45081,Saluda County,South Carolina,R8,45025
45083,Spartanburg County,South Carolina,R8,45025
45085,Sumter County,South Carolina,R8,45025
45087,Union County,South Carolina,R8,45025
45089,Williamsburg County,South Carolina,R8,45025
45091,York County,South Carolina,R8,45025
46013,Brown County,South Dakota,R2,8051
46033,Custer County,South Dakota,R2,8051
46093,Meade County,South Dakota,R2,8051
47001,Anderson County,Tennessee,R8,45025
47003,Bedford County,Tennessee,R8,45025
47005,Benton County,Tennessee,R8,45025
47007,Bledsoe County,Tennessee,R8,45025
47009,Blount County,Tennessee,R8,45025
47011,Bradley County,Tennessee,R8,45025
47013,Campbell County,Tennessee,R8,45025
47015,Cannon County,Tennessee,R8,45025
47017,Carroll County,Tennessee,R8,45025
47019,Carter County,Tennessee,R8,45025
47021,Cheatham County,Tennessee,R8,45025
47023,Chester County,Tennessee,R8,45025
47025,Claiborne County,Tennessee,R8,45025
47027,Clay County,Tennessee,R8,45025
47029,Cocke County,Tennessee,R8,45025
47031,Coffee County,Tennessee,R8,45025
47033,Crockett County,Tennessee,R8,45025
47035,Cumberland County,Tennessee,R8,45025
47037,Davidson County,Tennessee,R8,45025
47039,Decatur County,Tennessee,R8,45025
47041,DeKalb County,Tennessee,R8,45025
47043,Dickson County,Tennessee,R8,45025
47045,Dyer County,Tennessee,R8,45025
47047,Fayette County,Tennessee,R8,45025
47049,Fentress County,Tennessee,R8,45025
47051,Franklin County,Tennessee,R8,45025
47053,Gibson County,Tennessee,R8,45025
47055,Giles County,Tennessee,R8,45025
47057,Grainger County,Tennessee,R8,45025
47059,Greene County,Tennessee,R8,45025
47061,Grundy County,Tennessee,R8,45025
47063,Hamblen County,Tennessee,R8,45025
47065,Hamilton County,Tennessee,R8,45025
47067,Hancock County,Tennessee,R8,45025
47069,Hardeman County,Tennessee,R8,45025
47071,Hardin County,Tennessee,R8,45025
47073,Hawkins County,Tennessee,R8,45025
47075,Haywood County,Tennessee,R8,45025
47077,Henderson County,Tennessee,R8,45025
47079,Henry County,Tennessee,R8,45025
47081,Hickman County,Tennessee,R8,45025
47083,Houston County,Tennessee,R8,45025
47085,Humphreys County,Tennessee,R8,45025
47087,Jackson County,Tennessee,R8,45025
47089,Jefferson County,Tennessee,R8,45025
47091,Johnson County,Tennessee,R8,45025
47093,Knox County,Tennessee,R8,45025
47095,Lake County,Tennessee,R8,45025
47097,Lauderdale County,Tennessee,R8,45025
47099,Lawrence County,Tennessee,R8,45025
47101,Lewis County,Tennessee,R8,45025
47103,Lincoln County,Tennessee,R8,45025
47105,Loudon County,Tennessee,R8,45025
47107,McMinn County,Tennessee,R8,45025
47109,McNairy County,Tennessee,R8,45025
47111,Macon County,Tennessee,R8,45025
47113,Madison County,Tennessee,R8,45025
47115,Marion County,Tennessee,R8,45025
47117,Marshall County,Tennessee,R8,45025
47119,Maury County,Tennessee,R8,45025
47121,Meigs County,Tennessee,R8,45025
47123,Monroe County,Tennessee,R8,45025
47125,Montgomery County,Tennessee,R8,45025
47127,Moore County,Tennessee,R8,45025
47129,Morgan County,Tennessee,R8,45025
47131,Obion County,Tennessee,R8,45025
47133,Overton County,Tennessee,R8,45025
47135,Perry County,Tennessee,R8,45025
47137,Pickett County,Tennessee,R8,45025
47139,Polk County,Tennessee,R8,45025
47141,Putnam County,Tennessee,R8,45025
47143,Rhea County,Tennessee,R8,45025
47145,Roane County,Tennessee,R8,45025
47147,Robertson County,Tennessee,R8,45025
47149,Rutherford County,Tennessee,R8,45025
47151,Scott County,Tennessee,R8,45025
47153,Sequatchie County,Tennessee,R8,45025
47155,Sevier County,Tennessee,R8,45025
47157,Shelby County,Tennessee,R8,45025
47159,Smith County,Tennessee,R8,45025
47161,Stewart County,Tennessee,R8,45025
47163,Sullivan County,Tennessee,R8,45025
47165,Sumner County,Tennessee,R8,45025
47167,Tipton County,Tennessee,R8,45025
47169,Trousdale County,Tennessee,R8,45025
47171,Unicoi County,Tennessee,R8,45025
47173,Union County,Tennessee,R8,45025
47175,Van Buren County,Tennessee,R8,45025
47177,Warren County,Tennessee,R8,45025
47179,Washington County,Tennessee,R8,45025
47181,Wayne County,Tennessee,R8,45025
47183,Weakley County,Tennessee,R8,45025
47185,White County,Tennessee,R8,45025
47187,Williamson County,Tennessee,R8,45025
47189,Wilson County,Tennessee,R8,45025
48001,Anderson County,Texas,R8,48373
48005,Angelina County,Texas,R8,48373
48037,Bowie County,Texas,R8,48373
48039,Brazoria County,Texas,R8,48373
48041,Brazos County,Texas,R8,48373
48057,Calhoun County,Texas,R8,48373
48063,Camp County,Texas,R8,48373
48067,Cass County,Texas,R8,48373
48071,Chambers County,Texas,R8,48373
48073,Cherokee County,Texas,R8,48373
48157,Fort Bend County,Texas,R8,48373
48159,Franklin County,Texas,R8,48373
48161,Freestone County,Texas,R8,48373
48167,Galveston County,Texas,R8,48373
48183,Gregg County,Texas,R8,48373
48185,Grimes County,Texas,R8,48373
48199,Hardin County,Texas,R8,48373
48201,Harris County,Texas,R8,48373
48203,Harrison County,Texas,R8,48373
48213,Henderson County,Texas,R8,48373
48223,Hopkins County,Texas,R8,48373
48225,Houston County,Texas,R8,48373
48239,Jackson County,Texas,R8,48373
48241,Jasper County,Texas,R8,48373
48245,Jefferson County,Texas,R8,48373
48289,Leon County,Texas,R8,48373
48291,Liberty County,Texas,R8,48373
48313,Madison County,Texas,R8,48373
48315,Marion County,Texas,R8,48373
48321,Matagorda County,Texas,R8,48373
48339,Montgomery County,Texas,R8,48373
48343,Morris County,Texas,R8,48373
48347,Nacogdoches County,Texas,R8,48373
48351,Newton County,Texas,R8,48373
48361,Orange County,Texas,R8,48373
48365,Panola County,Texas,R8,48373
48373,Polk County,Texas,R8,48373
48379,Rains County,Texas,R8,48373
48387,Red River County,Texas,R8,48373
48395,Robertson County,Texas,R8,48373
48401,Rusk County,Texas,R8,48373
48403,Sabine County,Texas,R8,48373
48405,San Augustine County,Texas,R8,48373
48407,San Jacinto County,Texas,R8,48373
48419,Shelby County,Texas,R8,48373
48423,Smith County,Texas,R8,48373
48449,Titus County,Texas,R8,48373
48455,Trinity County,Texas,R8,48373
48457,Tyler County,Texas,R8,48373
48459,Upshur County,Texas,R8,48373
48467,Van Zandt County,Texas,R8,48373
48469,Victoria County,Texas,R8,48373
48471,Walker County,Texas,R8,48373
48473,Waller County,Texas,R8,48373
48481,Wharton County,Texas,R8,48373
48499,Wood County,Texas,R8,48373
49001,Beaver County,Utah,R4,8051
49003,Box Elder County,Utah,R4,8051
49005,Cache County,Utah,R4,8051
49007,Carbon County,Utah,R4,8051
49009,Daggett County,Utah,R4,8051
49011,Davis County,Utah,R4,8051
49013,Duchesne County,Utah,R4,8051
49015,Emery County,Utah,R4,8051
49017,Garfield County,Utah,R4,8051
49019,Grand County,Utah,R4,8051
49021,Iron County,Utah,R4,8051
49023,Juab County,Utah,R4,8051
49025,Kane County,Utah,R4,8051
49027,Millard County,Utah,R4,8051
49029,Morgan County,Utah,R4,8051
49031,Piute County,Utah,R4,8051
49033,Rich County,Utah,R4,8051
49035,Salt Lake County,Utah,R4,8051
49037,San Juan County,Utah,R4,8051
49039,Sanpete County,Utah,R4,8051
49041,Sevier County,Utah,R4,8051
49043,Summit County,Utah,R4,8051
49045,Tooele County,Utah,R4,8051
49047,Uintah County,Utah,R4,8051
49049,Utah County,Utah,R4,8051
49051,Wasatch County,Utah,R4,8051
49053,Washington County,Utah,R4,8051
49055,Wayne County,Utah,R4,8051
49057,Weber County,Utah,R4,8051
50001,Addison County,Vermont,R9,23003
50003,Bennington County,Vermont,R9,23003
50005,Caledonia County,Vermont,R9,23003
50007,Chittenden County,Vermont,R9,23003
50009,Essex County,Vermont,R9,23003
50011,Franklin County,Vermont,R9,23003
50013,Grand Isle County,Vermont,R9,23003
50015,Lamoille County,Vermont,R9,23003
50017,Orange County,Vermont,R9,23003
50019,Orleans County,Vermont,R9,23003
50021,Rutland County,Vermont,R9,23003
50023,Washington County,Vermont,R9,23003
50025,Windham County,Vermont,R9,23003
50027,Windsor County,Vermont,R9,23003
51001,Accomack County,Virginia,R9,45025
51003,Albemarle County,Virginia,R9,45025
51005,Alleghany County,Virginia,R9,45025
51007,Amelia County,Virginia,R9,45025
51009,Amherst County,Virginia,R9,45025
51011,Appomattox County,Virginia,R9,45025
51013,Arlington County,Virginia,R9,45025
51015,Augusta County,Virginia,R9,45025
51017,Bath County,Virginia,R9,45025
51019,Bedford County,Virginia,R9,45025
51021,Bland County,Virginia,R9,45025
51023,Botetourt County,Virginia,R9,45025
51025,Brunswick County,Virginia,R9,45025
51027,Buchanan County,Virginia,R9,45025
51029,Buckingham County,Virginia,R9,45025
51031,Campbell County,Virginia,R9,45025
51033,Caroline County,Virginia,R9,45025
51035,Carroll County,Virginia,R9,45025
51036,Charles City County,Virginia,R9,45025
51037,Charlotte County,Virginia,R9,45025
51041,Chesterfield County,Virginia,R9,45025
51043,Clarke County,Virginia,R9,45025
51045,Craig County,Virginia,R9,45025
51047,Culpeper County,Virginia,R9,45025
51049,Cumberland County,Virginia,R9,45025
51051,Dickenson County,Virginia,R9,45025
51053,Dinwiddie County,Virginia,R9,45025
51057,Essex County,Virginia,R9,45025
51059,Fairfax County,Virginia,R9,45025
51061,Fauquier County,Virginia,R9,45025
51063,Floyd County,Virginia,R9,45025
51065,Fluvanna County,Virginia,R9,45025
51067,Franklin County,Virginia,R9,45025
51069,Frederick County,Virginia,R9,45025
51071,Giles County,Virginia,R9,45025
51073,Gloucester County,Virginia,R9,45025
51075,Goochland County,Virginia,R9,45025
51077,Grayson County,Virginia,R9,45025
51079,Greene County,Virginia,R9,45025
51081,Greensville County,Virginia,R9,45025
51083,Halifax County,Virginia,R9,45025
51085,Hanover County,Virginia,R9,45025
51087,Henrico County,Virginia,R9,45025
51089,Henry County,Virginia,R9,45025
51091,Highland County,Virginia,R9,45025
51093,Isle of Wight County,Virginia,R9,45025
51095,James City County,Virginia,R9,45025
51097,King and Queen County,Virginia,R9,45025
51099,King George County,Virginia,R9,45025
51101,King William County,Virginia,R9,45025
51103,Lancaster County,Virginia,R9,45025
51105,Lee County,Virginia,R9,45025
51107,Loudoun County,Virginia,R9,45025
51109,Louisa County,Virginia,R9,45025
51111,Lunenburg County,Virginia,R9,45025
51113,Madison County,Virginia,R9,45025
51115,Mathews County,Virginia,R9,45025
51117,Mecklenburg County,Virginia,R9,45025
51119,Middlesex County,Virginia,R9,45025
51121,Montgomery County,Virginia,R9,45025
51125,Nelson County,Virginia,R9,45025
51127,New Kent County,Virginia,R9,45025
51131,Northampton County,Virginia,R9,45025
51133,Northumberland County,Virginia,R9,45025
51135,Nottoway County,Virginia,R9,45025
51137,Orange County,Virginia,R9,45025
51139,Page County,Virginia,R9,45025
51141,Patrick County,Virginia,R9,45025
51143,Pittsylvania County,Virginia,R9,45025
51145,Powhatan County,Virginia,R9,45025
51147,Prince Edward County,Virginia,R9,45025
51149,Prince George County,Virginia,R9,45025
51153,Prince William County,Virginia,R9,45025
51155,Pulaski County,Virginia,R9,45025
51157,Rappahannock County,Virginia,R9,45025
51159,Richmond County,Virginia,R9,45025
51161,Roanoke County,Virginia,R9,45025
51163,Rockbridge County,Virginia,R9,45025
51165,Rockingham County,Virginia,R9,45025
51167,Russell County,Virginia,R9,45025
51169,Scott County,Virginia,R9,45025
51171,Shenandoah County,Virginia,R9,45025
51173,Smyth County,Virginia,R9,45025
51175,Southampton County,Virginia,R9,45025
51177,Spotsylvania County,Virginia,R9,45025
51179,Stafford County,Virginia,R9,45025
51181,Surry County,Virginia,R9,45025
51183,Sussex County,Virginia,R9,45025
51185,Tazewell County,Virginia,R9,45025
51187,Warren County,Virginia,R9,45025
51191,Washington County,Virginia,R9,45025
51193,Westmoreland County,Virginia,R9,45025
51195,Wise County,Virginia,R9,45025
51197,Wythe County,Virginia,R9,45025
51199,York County,Virginia,R9,45025
51520,Bristol city,Virginia,R9,45025
51530,Buena Vista city,Virginia,R9,45025
51550,Chesapeake city,Virginia,R9,45025
51580,Covington city,Virginia,R9,45025
51590,Danville city,Virginia,R9,45025
51595,Emporia city,Virginia,R9,45025
51620,Franklin city,Virginia,R9,45025
51630,Fredericksburg city,Virginia,R9,45025
51640,Galax city,Virginia,R9,45025
51650,Hampton city,Virginia,R9,45025
51660,Harrisonburg city,Virginia,R9,45025
51670,Hopewell city,Virginia,R9,45025
51680,Lynchburg city,Virginia,R9,45025
51690,Martinsville city,Virginia,R9,45025
51700,Newport News city,Virginia,R9,45025
51710,Norfolk city,Virginia,R9,45025
51720,Norton city,Virginia,R9,45025
51730,Petersburg city,Virginia,R9,45025
51735,Poquoson city,Virginia,R9,45025
51740,Portsmouth city,Virginia,R9,45025
51750,Radford city,Virginia,R9,45025
51760,Richmond city,Virginia,R9,45025
51770,Roanoke city,Virginia,R9,45025
51775,Salem city,Virginia,R9,45025
51790,Staunton city,Virginia,R9,45025
51800,Suffolk city,Virginia,R9,45025
51810,Virginia Beach city,Virginia,R9,45025
51820,Waynesboro city,Virginia,R9,45025
51830,Williamsburg city,Virginia,R9,45025
51840,Winchester city,Virginia,R9,45025
53001,Adams County,Washington,R6,53037
53005,Benton County,Washington,R6,53037
53007,Chelan County,Washington,R6,53037
53009,Clallam County,Washington,R6,53037
53011,Clark County,Washington,R6,53037
53015,Cowlitz County,Washington,R6,53037
53017,Douglas County,Washington,R6,53037
53019,Ferry County,Washington,R6,53037
53021,Franklin County,Washington,R6,53037
53025,Grant County,Washington,R6,53037
53027,Grays Harbor County,Washington,R6,53037
53029,Island County,Washington,R6,53037
53031,Jefferson County,Washington,R6,53037
53033,King County,Washington,R6,53037
53035,Kitsap County,Washington,R6,53037
53037,Kittitas County,Washington,R6,53037
53039,Klickitat County,Washington,R6,53037
53041,Lewis County,Washington,R6,53037
53043,Lincoln County,Washington,R6,53037
53045,Mason County,Washington,R6,53037
53047,Okanogan County,Washington,R6,53037
53049,Pacific County,Washington,R6,53037
53051,Pend Oreille County,Washington,R6,53037
53053,Pierce County,Washington,R6,53037
53055,San Juan County,Washington,R6,53037
53057,Skagit County,Washington,R6,53037
53059,Skamania County,Washington,R6,53037
53061,Snohomish County,Washington,R6,53037
53063,Spokane County,Washington,R6,53037
53065,Stevens County,Washington,R6,53037
53067,Thurston County,Washington,R6,53037
53069,Wahkiakum County,Washington,R6,53037
53073,Whatcom County,Washington,R6,53037
53077,Yakima County,Washington,R6,53037
54001,Barbour County,West Virginia,R9,54025
54003,Berkeley County,West Virginia,R9,54025
54005,Boone County,West Virginia,R9,54025
54007,Braxton County,West Virginia,R9,54025
54009,Brooke County,West Virginia,R9,54025
54011,Cabell County,West Virginia,R9,54025
54013,Calhoun County,West Virginia,R9,54025
54015,Clay County,West Virginia,R9,54025
54017,Doddridge County,West Virginia,R9,54025
54019,Fayette County,West Virginia,R9,54025
54021,Gilmer County,West Virginia,R9,54025
54023,Grant County,West Virginia,R9,54025
54025,Greenbrier County,West Virginia,R9,54025
54027,Hampshire County,West Virginia,R9,54025
54029,Hancock County,West Virginia,R9,54025
54031,Hardy County,West Virginia,R9,54025
54033,Harrison County,West Virginia,R9,54025
54035,Jackson County,West Virginia,R9,54025
54037,Jefferson County,West Virginia,R9,54025
54039,Kanawha County,West Virginia,R9,54025
54041,Lewis County,West Virginia,R9,54025
54043,Lincoln County,West Virginia,R9,54025
54045,Logan County,West Virginia,R9,54025
54047,McDowell County,West Virginia,R9,54025
54049,Marion County,West Virginia,R9,54025
54051,Marshall County,West Virginia,R9,54025
54053,Mason County,West Virginia,R9,54025
54055,Mercer County,West Virginia,R9,54025
54057,Mineral County,West Virginia,R9,54025
54059,Mingo County,West Virginia,R9,54025
54061,Monongalia County,West Virginia,R9,54025
54063,Monroe County,West Virginia,R9,54025
54065,Morgan County,West Virginia,R9,54025
54067,Nicholas County,West Virginia,R9,54025
54069,Ohio County,West Virginia,R9,54025
54071,Pendleton County,West Virginia,R9,54025
54073,Pleasants County,West Virginia,R9,54025
54075,Pocahontas County,West Virginia,R9,54025
54077,Preston County,West Virginia,R9,54025
54079,Putnam County,West Virginia,R9,54025
54081,Raleigh County,West Virginia,R9,54025
54083,Randolph County,West Virginia,R9,54025
54085,Ritchie County,West Virginia,R9,54025
54087,Roane County,West Virginia,R9,54025
54089,Summers County,West Virginia,R9,54025
54091,Taylor County,West Virginia,R9,54025
54093,Tucker County,West Virginia,R9,54025
54095,Tyler County,West Virginia,R9,54025
54097,Upshur County,West Virginia,R9,54025
54099,Wayne County,West Virginia,R9,54025
54101,Webster County,West Virginia,R9,54025
54103,Wetzel County,West Virginia,R9,54025
54105,Wirt County,West Virginia,R9,54025
54107,Wood County,West Virginia,R9,54025
54109,Wyoming County,West Virginia,R9,54025
55001,Adams County,Wisconsin,R9,55041
55003,Ashland County,Wisconsin,R9,55041
55005,Barron County,Wisconsin,R9,55041
55007,Bayfield County,Wisconsin,R9,55041
55009,Brown County,Wisconsin,R9,55041
55011,Buffalo County,Wisconsin,R9,55041
55013,Burnett County,Wisconsin,R9,55041
55015,Calumet County,Wisconsin,R9,55041
55017,Chippewa County,Wisconsin,R9,55041
55019,Clark County,Wisconsin,R9,55041
55021,Columbia County,Wisconsin,R9,55041
55023,Crawford County,Wisconsin,R9,55041
55025,Dane County,Wisconsin,R9,55041
55027,Dodge County,Wisconsin,R9,55041
55029,Door County,Wisconsin,R9,55041
55031,Douglas County,Wisconsin,R9,55041
55033,Dunn County,Wisconsin,R9,55041
55035,Eau Claire County,Wisconsin,R9,55041
55037,Florence County,Wisconsin,R9,55041
55039,Fond du Lac County,Wisconsin,R9,55041
55041,Forest County,Wisconsin,R9,55041
55043,Grant County,Wisconsin,R9,55041
55045,Green County,Wisconsin,R9,55041
55047,Green Lake County,Wisconsin,R9,55041
55049,Iowa County,Wisconsin,R9,55041
55051,Iron County,Wisconsin,R9,55041
55053,Jackson County,Wisconsin,R9,55041
55055,Jefferson County,Wisconsin,R9,55041
55057,Juneau County,Wisconsin,R9,55041
55059,Kenosha County,Wisconsin,R9,55041
55061,Kewaunee County,Wisconsin,R9,55041
55063,La Crosse County,Wisconsin,R9,55041
55065,Lafayette County,Wisconsin,R9,55041
55067,Langlade County,Wisconsin,R9,55041
55069,Lincoln County,Wisconsin,R9,55041
55071,Manitowoc County,Wisconsin,R9,55041
55073,Marathon County,Wisconsin,R9,55041
55075,Marinette County,Wisconsin,R9,55041
55077,Marquette County,Wisconsin,R9,55041
55078,Menominee County,Wisconsin,R9,55041
55079,Milwaukee County,Wisconsin,R9,55041
55081,Monroe County,Wisconsin,R9,55041
55083,Oconto County,Wisconsin,R9,55041
55085,Oneida County,Wisconsin,R9,55041
55087,Outagamie County,Wisconsin,R9,55041
55089,Ozaukee County,Wisconsin,R9,55041
55091,Pepin County,Wisconsin,R9,55041
55093,Pierce County,Wisconsin,R9,55041
55095,Polk County,Wisconsin,R9,55041
55097,Portage County,Wisconsin,R9,55041
55099,Price County,Wisconsin,R9,55041
55101,Racine County,Wisconsin,R9,55041
55103,Richland County,Wisconsin,R9,55041
55105,Rock County,Wisconsin,R9,55041
55107,Rusk County,Wisconsin,R9,55041
55109,St. Croix County,Wisconsin,R9,55041
55111,Sauk County,Wisconsin,R9,55041
55113,Sawyer County,Wisconsin,R9,55041
55115,Shawano County,Wisconsin,R9,55041
55117,Sheboygan County,Wisconsin,R9,55041
55119,Taylor County,Wisconsin,R9,55041
55121,Trempealeau County,Wisconsin,R9,55041
55123,Vernon County,Wisconsin,R9,55041
55125,Vilas County,Wisconsin,R9,55041
55127,Walworth County,Wisconsin,R9,55041
55129,Washburn County,Wisconsin,R9,55041
55131,Washington County,Wisconsin,R9,55041
55133,Waukesha County,Wisconsin,R9,55041
55135,Waupaca County,Wisconsin,R9,55041
55137,Waushara County,Wisconsin,R9,55041
55139,Winnebago County,Wisconsin,R9,55041
55141,Wood County,Wisconsin,R9,55041
56001,Albany County,Wyoming,R2,8051
56003,Big Horn County,Wyoming,R2,8051
56005,Campbell County,Wyoming,R2,8051
56007,Carbon County,Wyoming,R2,8051
56009,Converse County,Wyoming,R2,8051
56011,Crook County,Wyoming,R2,8051
56013,Fremont County,Wyoming,R2,8051
56015,Goshen County,Wyoming,R2,8051
56017,Hot Springs County,Wyoming,R2,8051
56019,Johnson County,Wyoming,R2,8051
56021,Laramie County,Wyoming,R2,8051
56025,Natrona County,Wyoming,R2,8051
56027,Niobrara County,Wyoming,R2,8051
56029,Park County,Wyoming,R2,8051
56031,Platte County,Wyoming,R2,8051
56033,Sheridan County,Wyoming,R2,8051
56037,Sweetwater County,Wyoming,R2,8051
56043,Washakie County,Wyoming,R2,8051
56045,Weston County,Wyoming,R2,8051
